[debug] [2026-04-09T17:23:00.175Z] ----------------------------------------------------------------------
[debug] [2026-04-09T17:23:00.181Z] Command:       C:\Program Files\nodejs\node.exe C:\Users\EDU DJ\AppData\Roaming\npm\node_modules\firebase-tools\lib\bin\firebase.js deploy --only hosting:confir-juvenil-nsps
[debug] [2026-04-09T17:23:00.182Z] CLI Version:   15.13.0
[debug] [2026-04-09T17:23:00.182Z] Platform:      win32
[debug] [2026-04-09T17:23:00.182Z] Node Version:  v24.14.0
[debug] [2026-04-09T17:23:00.182Z] Time:          Thu Apr 09 2026 13:23:00 GMT-0400 (GMT-04:00)
[debug] [2026-04-09T17:23:00.183Z] ----------------------------------------------------------------------
[debug] 
[debug] [2026-04-09T17:23:13.513Z] Object "/hosting" in "firebase.json" has unknown property: {"additionalProperty":"webApp"}
[debug] [2026-04-09T17:23:13.514Z] Field "/hosting" in "firebase.json" is possibly invalid: must be array
[debug] [2026-04-09T17:23:13.514Z] Field "/hosting" in "firebase.json" is possibly invalid: must match a schema in anyOf
[debug] [2026-04-09T17:23:13.519Z] > command requires scopes: ["email","openid","https://www.googleapis.com/auth/cloudplatformprojects.readonly","https://www.googleapis.com/auth/firebase","https://www.googleapis.com/auth/cloud-platform"]
[debug] [2026-04-09T17:23:13.520Z] > authorizing via signed-in user (ing.eduardobenitez00@gmail.com)
[debug] [2026-04-09T17:23:13.520Z] [iam] checking project studio-8931863599-6d45c for permissions ["firebase.projects.get","firebasehosting.sites.update"]
[debug] [2026-04-09T17:23:13.523Z] Checked if tokens are valid: true, expires at: 1775758129005
[debug] [2026-04-09T17:23:13.523Z] Checked if tokens are valid: true, expires at: 1775758129005
[debug] [2026-04-09T17:23:13.525Z] >>> [apiv2][query] POST https://cloudresourcemanager.googleapis.com/v1/projects/studio-8931863599-6d45c:testIamPermissions [none]
[debug] [2026-04-09T17:23:13.525Z] >>> [apiv2][(partial)header] POST https://cloudresourcemanager.googleapis.com/v1/projects/studio-8931863599-6d45c:testIamPermissions  x-goog-user-project=studio-8931863599-6d45c
[debug] [2026-04-09T17:23:13.525Z] >>> [apiv2][body] POST https://cloudresourcemanager.googleapis.com/v1/projects/studio-8931863599-6d45c:testIamPermissions {"permissions":["firebase.projects.get","firebasehosting.sites.update"]}
[debug] [2026-04-09T17:23:19.312Z] <<< [apiv2][status] POST https://cloudresourcemanager.googleapis.com/v1/projects/studio-8931863599-6d45c:testIamPermissions 200
[debug] [2026-04-09T17:23:19.312Z] <<< [apiv2][body] POST https://cloudresourcemanager.googleapis.com/v1/projects/studio-8931863599-6d45c:testIamPermissions {"permissions":["firebase.projects.get","firebasehosting.sites.update"]}
[debug] [2026-04-09T17:23:19.313Z] Checked if tokens are valid: true, expires at: 1775758129005
[debug] [2026-04-09T17:23:19.313Z] Checked if tokens are valid: true, expires at: 1775758129005
[debug] [2026-04-09T17:23:19.313Z] >>> [apiv2][query] GET https://firebase.googleapis.com/v1beta1/projects/studio-8931863599-6d45c [none]
[debug] [2026-04-09T17:23:19.959Z] <<< [apiv2][status] GET https://firebase.googleapis.com/v1beta1/projects/studio-8931863599-6d45c 200
[debug] [2026-04-09T17:23:19.959Z] <<< [apiv2][body] GET https://firebase.googleapis.com/v1beta1/projects/studio-8931863599-6d45c {"projectId":"studio-8931863599-6d45c","projectNumber":"618645486004","displayName":"Firebase app","name":"projects/studio-8931863599-6d45c","resources":{"hostingSite":"studio-8931863599-6d45c"},"state":"ACTIVE","etag":"1_00186039-5515-445b-aae8-855ec8f183d8"}
[debug] [2026-04-09T17:23:26.700Z] defaultcredentials: writing to file C:\Users\EDU DJ\AppData\Roaming\firebase\ing_eduardobenitez00_gmail.com_application_default_credentials.json
[debug] [2026-04-09T17:23:26.754Z] Checked if tokens are valid: true, expires at: 1775758129005
[debug] [2026-04-09T17:23:26.754Z] Checked if tokens are valid: true, expires at: 1775758129005
[debug] [2026-04-09T17:23:26.754Z] >>> [apiv2][query] GET https://firebasehosting.googleapis.com/v1beta1/projects/studio-8931863599-6d45c/sites pageToken=&pageSize=10
[debug] [2026-04-09T17:23:28.329Z] <<< [apiv2][status] GET https://firebasehosting.googleapis.com/v1beta1/projects/studio-8931863599-6d45c/sites 200
[debug] [2026-04-09T17:23:28.330Z] <<< [apiv2][body] GET https://firebasehosting.googleapis.com/v1beta1/projects/studio-8931863599-6d45c/sites {"sites":[{"name":"projects/studio-8931863599-6d45c/sites/confir-juvenil-nsps","defaultUrl":"https://confir-juvenil-nsps.web.app","type":"USER_SITE"},{"name":"projects/studio-8931863599-6d45c/sites/studio-8931863599-6d45c","defaultUrl":"https://studio-8931863599-6d45c.web.app","type":"DEFAULT_SITE"}]}
[debug] [2026-04-09T17:23:28.330Z] Checked if tokens are valid: true, expires at: 1775758129005
[debug] [2026-04-09T17:23:28.331Z] Checked if tokens are valid: true, expires at: 1775758129005
[debug] [2026-04-09T17:23:28.331Z] >>> [apiv2][query] GET https://firebasehosting.googleapis.com/v1beta1/projects/studio-8931863599-6d45c/sites 
[debug] [2026-04-09T17:23:28.925Z] <<< [apiv2][status] GET https://firebasehosting.googleapis.com/v1beta1/projects/studio-8931863599-6d45c/sites 200
[debug] [2026-04-09T17:23:28.925Z] <<< [apiv2][body] GET https://firebasehosting.googleapis.com/v1beta1/projects/studio-8931863599-6d45c/sites {"sites":[{"name":"projects/studio-8931863599-6d45c/sites/confir-juvenil-nsps","defaultUrl":"https://confir-juvenil-nsps.web.app","type":"USER_SITE"},{"name":"projects/studio-8931863599-6d45c/sites/studio-8931863599-6d45c","defaultUrl":"https://studio-8931863599-6d45c.web.app","type":"DEFAULT_SITE"}]}
[debug] [2026-04-09T17:23:28.925Z] Checked if tokens are valid: true, expires at: 1775758129005
[debug] [2026-04-09T17:23:28.925Z] Checked if tokens are valid: true, expires at: 1775758129005
[debug] [2026-04-09T17:23:28.926Z] >>> [apiv2][query] GET https://firebase.googleapis.com/v1beta1/projects/studio-8931863599-6d45c/webApps/-/config [none]
[debug] [2026-04-09T17:23:29.925Z] <<< [apiv2][status] GET https://firebase.googleapis.com/v1beta1/projects/studio-8931863599-6d45c/webApps/-/config 200
[debug] [2026-04-09T17:23:29.925Z] <<< [apiv2][body] GET https://firebase.googleapis.com/v1beta1/projects/studio-8931863599-6d45c/webApps/-/config {"projectId":"studio-8931863599-6d45c","appId":"1:618645486004:web:199dbf50db4987171e1ae1","storageBucket":"studio-8931863599-6d45c.firebasestorage.app","apiKey":"AIzaSyAEWzl6-aPy1mpPHRJOFaQh_0Dw2VHd-Fk","authDomain":"studio-8931863599-6d45c.firebaseapp.com","messagingSenderId":"618645486004","measurementId":"G-1W8E3KJK4B","projectNumber":"618645486004","version":"2"}
[info] 
   Thank you for trying our early preview of Next.js support on Firebase Hosting.
   During the preview, support is best-effort and breaking changes can be expected. Proceed with caution.
   The integration is known to work with Next.js version 12 - 15.0. You may encounter errors.

   Documentation: https://firebase.google.com/docs/hosting/frameworks/nextjs
   File a bug: https://github.com/firebase/firebase-tools/issues/new?template=bug_report.md
   Submit a feature request: https://github.com/firebase/firebase-tools/issues/new?template=feature_request.md

   We'd love to learn from you. Express your interest in helping us shape the future of Firebase Hosting: https://goo.gle/41enW5X

[debug] [2026-04-09T17:23:39.805Z] Checked if tokens are valid: true, expires at: 1775758129005
[debug] [2026-04-09T17:23:39.805Z] Checked if tokens are valid: true, expires at: 1775758129005
[debug] [2026-04-09T17:23:39.805Z] >>> [apiv2][query] GET https://firebasehosting.googleapis.com/v1beta1/projects/studio-8931863599-6d45c/sites/studio-8931863599-6d45c [none]
[debug] [2026-04-09T17:23:41.059Z] <<< [apiv2][status] GET https://firebasehosting.googleapis.com/v1beta1/projects/studio-8931863599-6d45c/sites/studio-8931863599-6d45c 200
[debug] [2026-04-09T17:23:41.059Z] <<< [apiv2][body] GET https://firebasehosting.googleapis.com/v1beta1/projects/studio-8931863599-6d45c/sites/studio-8931863599-6d45c {"name":"projects/studio-8931863599-6d45c/sites/studio-8931863599-6d45c","defaultUrl":"https://studio-8931863599-6d45c.web.app","type":"DEFAULT_SITE"}
[info]    ▲ Next.js 15.5.9

[info] 

[info]    Creating an optimized production build ...

[info]  ✓ Compiled successfully in 16.0s

[info]    Skipping validation of types

[info]    Skipping linting

[info]    Collecting page data ...

[info]    Generating static pages (0/29) ...

[info]    Generating static pages (7/29) 

[info]    Generating static pages (14/29) 

[info]    Generating static pages (21/29) 

[info]  ✓ Generating static pages (29/29)

[info]    Finalizing page optimization ...

[info]    Collecting build traces ...

[info] 

[info] Route (app)                                 Size  First Load JS
┌ ○ /                                    2.88 kB         258 kB
├ ○ /_not-found                             1 kB         102 kB
├ ○ /dashboard                           5.84 kB         263 kB
├ ○ /dashboard/admin                     11.2 kB         248 kB
├ ○ /dashboard/admin/archive             3.88 kB         235 kB
├ ○ /dashboard/admin/audit               6.84 kB         254 kB
├ ○ /dashboard/admin/connections         6.36 kB         242 kB
├ ○ /dashboard/admin/groups              7.58 kB         292 kB
├ ○ /dashboard/admin/sorting             6.12 kB         265 kB
├ ○ /dashboard/admin/users                107 kB         392 kB
├ ○ /dashboard/attendance-control        5.93 kB         274 kB
├ ○ /dashboard/catechist-payments        7.49 kB         273 kB
├ ○ /dashboard/documentation             11.3 kB         242 kB
├ ○ /dashboard/financial-stats            107 kB         338 kB
├ ○ /dashboard/group-change              7.12 kB         272 kB
├ ○ /dashboard/my-list                   5.88 kB         240 kB
├ ○ /dashboard/payments                  10.3 kB         290 kB
├ ○ /dashboard/profile                   6.06 kB         278 kB
├ ○ /dashboard/qr-lab                    7.55 kB         248 kB
├ ○ /dashboard/registration                778 B         311 kB
├ ○ /dashboard/registrations             18.7 kB         315 kB
├ ○ /dashboard/treasury                  5.83 kB         263 kB
├ ○ /inscripcion                         1.25 kB         312 kB
├ ○ /login                               3.82 kB         175 kB
├ ○ /manifest.webmanifest                  128 B         102 kB
└ ○ /register                            6.38 kB         238 kB
+ First Load JS shared by all             101 kB
  ├ chunks/1255-de0c1abd22c7cccd.js      45.2 kB
  ├ chunks/4bd1b696-182b6b13bdad92e3.js  54.2 kB
  └ other shared chunks (total)          2.06 kB



[info] ○  (Static)  prerendered as static content


[info] Building a Cloud Function to run this application. This is needed due to:
[info]  • route with server action /dashboard/qr-lab
[info] 
[debug] [2026-04-09T17:24:31.549Z] skipping /dashboard/qr-lab due to server action
[debug] [2026-04-09T17:24:37.274Z] Checked if tokens are valid: true, expires at: 1775758129005
[debug] [2026-04-09T17:24:37.274Z] Checked if tokens are valid: true, expires at: 1775758129005
[debug] [2026-04-09T17:24:37.274Z] >>> [apiv2][query] GET https://firebasehosting.googleapis.com/v1beta1/projects/studio-8931863599-6d45c/sites/studio-8931863599-6d45c [none]
[debug] [2026-04-09T17:24:38.535Z] <<< [apiv2][status] GET https://firebasehosting.googleapis.com/v1beta1/projects/studio-8931863599-6d45c/sites/studio-8931863599-6d45c 200
[debug] [2026-04-09T17:24:38.536Z] <<< [apiv2][body] GET https://firebasehosting.googleapis.com/v1beta1/projects/studio-8931863599-6d45c/sites/studio-8931863599-6d45c {"name":"projects/studio-8931863599-6d45c/sites/studio-8931863599-6d45c","defaultUrl":"https://studio-8931863599-6d45c.web.app","type":"DEFAULT_SITE"}
[debug] [2026-04-09T17:25:24.447Z] [web frameworks] effective firebase.json:  {
  "hosting": [
    {
      "site": "confir-juvenil-nsps",
      "webApp": "1:618645486004:web:199dbf50db4987171e1ae1",
      "source": ".",
      "ignore": [
        "firebase.json",
        "**/.*",
        "**/node_modules/**"
      ],
      "rewrites": [
        {
          "source": "**",
          "function": {
            "functionId": "ssrconfirjuvenilnsps",
            "region": "us-central1",
            "pinTag": true
          }
        }
      ],
      "redirects": [],
      "headers": [
        {
          "source": "/_not-found",
          "headers": [
            {
              "key": "x-nextjs-stale-time",
              "value": "300"
            },
            {
              "key": "x-nextjs-prerender",
              "value": "1"
            },
            {
              "key": "x-next-cache-tags",
              "value": "_N_T_/layout,_N_T_/_not-found/layout,_N_T_/_not-found/page,_N_T_/_not-found"
            }
          ]
        },
        {
          "source": "/manifest.webmanifest",
          "headers": [
            {
              "key": "cache-control",
              "value": "public, max-age=0, must-revalidate"
            },
            {
              "key": "content-type",
              "value": "application/manifest+json"
            },
            {
              "key": "x-next-cache-tags",
              "value": "_N_T_/layout,_N_T_/manifest.webmanifest/layout,_N_T_/manifest.webmanifest/route,_N_T_/manifest.webmanifest"
            }
          ]
        },
        {
          "source": "/register",
          "headers": [
            {
              "key": "x-nextjs-stale-time",
              "value": "300"
            },
            {
              "key": "x-nextjs-prerender",
              "value": "1"
            },
            {
              "key": "x-next-cache-tags",
              "value": "_N_T_/layout,_N_T_/register/layout,_N_T_/register/page,_N_T_/register"
            }
          ]
        },
        {
          "source": "/favicon.ico",
          "headers": [
            {
              "key": "cache-control",
              "value": "public, max-age=0, must-revalidate"
            },
            {
              "key": "content-type",
              "value": "image/x-icon"
            },
            {
              "key": "x-next-cache-tags",
              "value": "_N_T_/layout,_N_T_/favicon.ico/layout,_N_T_/favicon.ico/route,_N_T_/favicon.ico"
            }
          ]
        },
        {
          "source": "/login",
          "headers": [
            {
              "key": "x-nextjs-stale-time",
              "value": "300"
            },
            {
              "key": "x-nextjs-prerender",
              "value": "1"
            },
            {
              "key": "x-next-cache-tags",
              "value": "_N_T_/layout,_N_T_/login/layout,_N_T_/login/page,_N_T_/login"
            }
          ]
        },
        {
          "source": "/dashboard/admin/groups",
          "headers": [
            {
              "key": "x-nextjs-stale-time",
              "value": "300"
            },
            {
              "key": "x-nextjs-prerender",
              "value": "1"
            },
            {
              "key": "x-next-cache-tags",
              "value": "_N_T_/layout,_N_T_/dashboard/layout,_N_T_/dashboard/admin/layout,_N_T_/dashboard/admin/groups/layout,_N_T_/dashboard/admin/groups/page,_N_T_/dashboard/admin/groups"
            }
          ]
        },
        {
          "source": "/inscripcion",
          "headers": [
            {
              "key": "x-nextjs-stale-time",
              "value": "300"
            },
            {
              "key": "x-nextjs-prerender",
              "value": "1"
            },
            {
              "key": "x-next-cache-tags",
              "value": "_N_T_/layout,_N_T_/inscripcion/layout,_N_T_/inscripcion/page,_N_T_/inscripcion"
            }
          ]
        },
        {
          "source": "/dashboard/admin/audit",
          "headers": [
            {
              "key": "x-nextjs-stale-time",
              "value": "300"
            },
            {
              "key": "x-nextjs-prerender",
              "value": "1"
            },
            {
              "key": "x-next-cache-tags",
              "value": "_N_T_/layout,_N_T_/dashboard/layout,_N_T_/dashboard/admin/layout,_N_T_/dashboard/admin/audit/layout,_N_T_/dashboard/admin/audit/page,_N_T_/dashboard/admin/audit"
            }
          ]
        },
        {
          "source": "/dashboard/admin/archive",
          "headers": [
            {
              "key": "x-nextjs-stale-time",
              "value": "300"
            },
            {
              "key": "x-nextjs-prerender",
              "value": "1"
            },
            {
              "key": "x-next-cache-tags",
              "value": "_N_T_/layout,_N_T_/dashboard/layout,_N_T_/dashboard/admin/layout,_N_T_/dashboard/admin/archive/layout,_N_T_/dashboard/admin/archive/page,_N_T_/dashboard/admin/archive"
            }
          ]
        },
        {
          "source": "/dashboard/admin",
          "headers": [
            {
              "key": "x-nextjs-stale-time",
              "value": "300"
            },
            {
              "key": "x-nextjs-prerender",
              "value": "1"
            },
            {
              "key": "x-next-cache-tags",
              "value": "_N_T_/layout,_N_T_/dashboard/layout,_N_T_/dashboard/admin/layout,_N_T_/dashboard/admin/page,_N_T_/dashboard/admin"
            }
          ]
        },
        {
          "source": "/dashboard/admin/connections",
          "headers": [
            {
              "key": "x-nextjs-stale-time",
              "value": "300"
            },
            {
              "key": "x-nextjs-prerender",
              "value": "1"
            },
            {
              "key": "x-next-cache-tags",
              "value": "_N_T_/layout,_N_T_/dashboard/layout,_N_T_/dashboard/admin/layout,_N_T_/dashboard/admin/connections/layout,_N_T_/dashboard/admin/connections/page,_N_T_/dashboard/admin/connections"
            }
          ]
        },
        {
          "source": "/dashboard/admin/users",
          "headers": [
            {
              "key": "x-nextjs-stale-time",
              "value": "300"
            },
            {
              "key": "x-nextjs-prerender",
              "value": "1"
            },
            {
              "key": "x-next-cache-tags",
              "value": "_N_T_/layout,_N_T_/dashboard/layout,_N_T_/dashboard/admin/layout,_N_T_/dashboard/admin/users/layout,_N_T_/dashboard/admin/users/page,_N_T_/dashboard/admin/users"
            }
          ]
        },
        {
          "source": "/dashboard/attendance-control",
          "headers": [
            {
              "key": "x-nextjs-stale-time",
              "value": "300"
            },
            {
              "key": "x-nextjs-prerender",
              "value": "1"
            },
            {
              "key": "x-next-cache-tags",
              "value": "_N_T_/layout,_N_T_/dashboard/layout,_N_T_/dashboard/attendance-control/layout,_N_T_/dashboard/attendance-control/page,_N_T_/dashboard/attendance-control"
            }
          ]
        },
        {
          "source": "/dashboard/catechist-payments",
          "headers": [
            {
              "key": "x-nextjs-stale-time",
              "value": "300"
            },
            {
              "key": "x-nextjs-prerender",
              "value": "1"
            },
            {
              "key": "x-next-cache-tags",
              "value": "_N_T_/layout,_N_T_/dashboard/layout,_N_T_/dashboard/catechist-payments/layout,_N_T_/dashboard/catechist-payments/page,_N_T_/dashboard/catechist-payments"
            }
          ]
        },
        {
          "source": "/dashboard/group-change",
          "headers": [
            {
              "key": "x-nextjs-stale-time",
              "value": "300"
            },
            {
              "key": "x-nextjs-prerender",
              "value": "1"
            },
            {
              "key": "x-next-cache-tags",
              "value": "_N_T_/layout,_N_T_/dashboard/layout,_N_T_/dashboard/group-change/layout,_N_T_/dashboard/group-change/page,_N_T_/dashboard/group-change"
            }
          ]
        },
        {
          "source": "/dashboard/admin/sorting",
          "headers": [
            {
              "key": "x-nextjs-stale-time",
              "value": "300"
            },
            {
              "key": "x-nextjs-prerender",
              "value": "1"
            },
            {
              "key": "x-next-cache-tags",
              "value": "_N_T_/layout,_N_T_/dashboard/layout,_N_T_/dashboard/admin/layout,_N_T_/dashboard/admin/sorting/layout,_N_T_/dashboard/admin/sorting/page,_N_T_/dashboard/admin/sorting"
            }
          ]
        },
        {
          "source": "/dashboard/financial-stats",
          "headers": [
            {
              "key": "x-nextjs-stale-time",
              "value": "300"
            },
            {
              "key": "x-nextjs-prerender",
              "value": "1"
            },
            {
              "key": "x-next-cache-tags",
              "value": "_N_T_/layout,_N_T_/dashboard/layout,_N_T_/dashboard/financial-stats/layout,_N_T_/dashboard/financial-stats/page,_N_T_/dashboard/financial-stats"
            }
          ]
        },
        {
          "source": "/dashboard/my-list",
          "headers": [
            {
              "key": "x-nextjs-stale-time",
              "value": "300"
            },
            {
              "key": "x-nextjs-prerender",
              "value": "1"
            },
            {
              "key": "x-next-cache-tags",
              "value": "_N_T_/layout,_N_T_/dashboard/layout,_N_T_/dashboard/my-list/layout,_N_T_/dashboard/my-list/page,_N_T_/dashboard/my-list"
            }
          ]
        },
        {
          "source": "/dashboard/documentation",
          "headers": [
            {
              "key": "x-nextjs-stale-time",
              "value": "300"
            },
            {
              "key": "x-nextjs-prerender",
              "value": "1"
            },
            {
              "key": "x-next-cache-tags",
              "value": "_N_T_/layout,_N_T_/dashboard/layout,_N_T_/dashboard/documentation/layout,_N_T_/dashboard/documentation/page,_N_T_/dashboard/documentation"
            }
          ]
        },
        {
          "source": "/dashboard/payments",
          "headers": [
            {
              "key": "x-nextjs-stale-time",
              "value": "300"
            },
            {
              "key": "x-nextjs-prerender",
              "value": "1"
            },
            {
              "key": "x-next-cache-tags",
              "value": "_N_T_/layout,_N_T_/dashboard/layout,_N_T_/dashboard/payments/layout,_N_T_/dashboard/payments/page,_N_T_/dashboard/payments"
            }
          ]
        },
        {
          "source": "/dashboard/profile",
          "headers": [
            {
              "key": "x-nextjs-stale-time",
              "value": "300"
            },
            {
              "key": "x-nextjs-prerender",
              "value": "1"
            },
            {
              "key": "x-next-cache-tags",
              "value": "_N_T_/layout,_N_T_/dashboard/layout,_N_T_/dashboard/profile/layout,_N_T_/dashboard/profile/page,_N_T_/dashboard/profile"
            }
          ]
        },
        {
          "source": "/dashboard",
          "headers": [
            {
              "key": "x-nextjs-stale-time",
              "value": "300"
            },
            {
              "key": "x-nextjs-prerender",
              "value": "1"
            },
            {
              "key": "x-next-cache-tags",
              "value": "_N_T_/layout,_N_T_/dashboard/layout,_N_T_/dashboard/page,_N_T_/dashboard"
            }
          ]
        },
        {
          "source": "/dashboard/treasury",
          "headers": [
            {
              "key": "x-nextjs-stale-time",
              "value": "300"
            },
            {
              "key": "x-nextjs-prerender",
              "value": "1"
            },
            {
              "key": "x-next-cache-tags",
              "value": "_N_T_/layout,_N_T_/dashboard/layout,_N_T_/dashboard/treasury/layout,_N_T_/dashboard/treasury/page,_N_T_/dashboard/treasury"
            }
          ]
        },
        {
          "source": "/dashboard/qr-lab",
          "headers": [
            {
              "key": "x-nextjs-stale-time",
              "value": "300"
            },
            {
              "key": "x-nextjs-prerender",
              "value": "1"
            },
            {
              "key": "x-next-cache-tags",
              "value": "_N_T_/layout,_N_T_/dashboard/layout,_N_T_/dashboard/qr-lab/layout,_N_T_/dashboard/qr-lab/page,_N_T_/dashboard/qr-lab"
            }
          ]
        },
        {
          "source": "/dashboard/registrations",
          "headers": [
            {
              "key": "x-nextjs-stale-time",
              "value": "300"
            },
            {
              "key": "x-nextjs-prerender",
              "value": "1"
            },
            {
              "key": "x-next-cache-tags",
              "value": "_N_T_/layout,_N_T_/dashboard/layout,_N_T_/dashboard/registrations/layout,_N_T_/dashboard/registrations/page,_N_T_/dashboard/registrations"
            }
          ]
        },
        {
          "source": "/dashboard/registration",
          "headers": [
            {
              "key": "x-nextjs-stale-time",
              "value": "300"
            },
            {
              "key": "x-nextjs-prerender",
              "value": "1"
            },
            {
              "key": "x-next-cache-tags",
              "value": "_N_T_/layout,_N_T_/dashboard/layout,_N_T_/dashboard/registration/layout,_N_T_/dashboard/registration/page,_N_T_/dashboard/registration"
            }
          ]
        },
        {
          "source": "**/*.[jt]s",
          "headers": [
            {
              "key": "Set-Cookie",
              "value": "__FIREBASE_DEFAULTS__=eyJjb25maWciOnsicHJvamVjdElkIjoic3R1ZGlvLTg5MzE4NjM1OTktNmQ0NWMiLCJhcHBJZCI6IjE6NjE4NjQ1NDg2MDA0OndlYjoxOTlkYmY1MGRiNDk4NzE3MWUxYWUxIiwic3RvcmFnZUJ1Y2tldCI6InN0dWRpby04OTMxODYzNTk5LTZkNDVjLmZpcmViYXNlc3RvcmFnZS5hcHAiLCJhcGlLZXkiOiJBSXphU3lBRVd6bDYtYVB5MW1wUEhSSk9GYVFoXzBEdzJWSGQtRmsiLCJhdXRoRG9tYWluIjoic3R1ZGlvLTg5MzE4NjM1OTktNmQ0NWMuZmlyZWJhc2VhcHAuY29tIiwibWVzc2FnaW5nU2VuZGVySWQiOiI2MTg2NDU0ODYwMDQiLCJtZWFzdXJlbWVudElkIjoiRy0xVzhFM0tKSzRCIiwicHJvamVjdE51bWJlciI6IjYxODY0NTQ4NjAwNCIsInZlcnNpb24iOiIyIn0sIl9hdXRoVG9rZW5TeW5jVVJMIjoiL19fc2Vzc2lvbiJ9; SameSite=Strict; Expires=2028-03-04T04:05:24.446Z; Path=/;"
            }
          ]
        }
      ],
      "cleanUrls": true,
      "trailingSlash": false,
      "public": ".firebase\\confir-juvenil-nsps\\hosting",
      "webFramework": "next_ssr"
    }
  ],
  "functions": [
    {
      "source": ".firebase\\confir-juvenil-nsps\\functions",
      "codebase": "firebase-frameworks-confir-juvenil-nsps"
    }
  ]
}
[debug] [2026-04-09T17:25:24.447Z] > command requires scopes: ["email","openid","https://www.googleapis.com/auth/cloudplatformprojects.readonly","https://www.googleapis.com/auth/firebase","https://www.googleapis.com/auth/cloud-platform"]
[debug] [2026-04-09T17:25:24.448Z] > authorizing via signed-in user (ing.eduardobenitez00@gmail.com)
[debug] [2026-04-09T17:25:24.448Z] [iam] checking project studio-8931863599-6d45c for permissions ["cloudfunctions.functions.create","cloudfunctions.functions.delete","cloudfunctions.functions.get","cloudfunctions.functions.list","cloudfunctions.functions.update","cloudfunctions.operations.get","firebase.projects.get"]
[debug] [2026-04-09T17:25:24.448Z] Checked if tokens are valid: true, expires at: 1775758129005
[debug] [2026-04-09T17:25:24.448Z] Checked if tokens are valid: true, expires at: 1775758129005
[debug] [2026-04-09T17:25:24.448Z] >>> [apiv2][query] POST https://cloudresourcemanager.googleapis.com/v1/projects/studio-8931863599-6d45c:testIamPermissions [none]
[debug] [2026-04-09T17:25:24.448Z] >>> [apiv2][(partial)header] POST https://cloudresourcemanager.googleapis.com/v1/projects/studio-8931863599-6d45c:testIamPermissions  x-goog-user-project=studio-8931863599-6d45c
[debug] [2026-04-09T17:25:24.448Z] >>> [apiv2][body] POST https://cloudresourcemanager.googleapis.com/v1/projects/studio-8931863599-6d45c:testIamPermissions {"permissions":["cloudfunctions.functions.create","cloudfunctions.functions.delete","cloudfunctions.functions.get","cloudfunctions.functions.list","cloudfunctions.functions.update","cloudfunctions.operations.get","firebase.projects.get"]}
[debug] [2026-04-09T17:25:25.389Z] <<< [apiv2][status] POST https://cloudresourcemanager.googleapis.com/v1/projects/studio-8931863599-6d45c:testIamPermissions 200
[debug] [2026-04-09T17:25:25.390Z] <<< [apiv2][body] POST https://cloudresourcemanager.googleapis.com/v1/projects/studio-8931863599-6d45c:testIamPermissions {"permissions":["cloudfunctions.functions.create","cloudfunctions.functions.delete","cloudfunctions.functions.get","cloudfunctions.functions.list","cloudfunctions.functions.update","cloudfunctions.operations.get","firebase.projects.get"]}
[debug] [2026-04-09T17:25:25.390Z] Checked if tokens are valid: true, expires at: 1775758129005
[debug] [2026-04-09T17:25:25.390Z] Checked if tokens are valid: true, expires at: 1775758129005
[debug] [2026-04-09T17:25:25.391Z] >>> [apiv2][query] GET https://cloudfunctions.googleapis.com/v1/projects/studio-8931863599-6d45c/locations/-/functions [none]
[debug] [2026-04-09T17:25:26.640Z] <<< [apiv2][status] GET https://cloudfunctions.googleapis.com/v1/projects/studio-8931863599-6d45c/locations/-/functions 200
[debug] [2026-04-09T17:25:26.641Z] <<< [apiv2][body] GET https://cloudfunctions.googleapis.com/v1/projects/studio-8931863599-6d45c/locations/-/functions {}
[debug] [2026-04-09T17:25:26.641Z] Checked if tokens are valid: true, expires at: 1775758129005
[debug] [2026-04-09T17:25:26.641Z] Checked if tokens are valid: true, expires at: 1775758129005
[debug] [2026-04-09T17:25:26.641Z] >>> [apiv2][query] GET https://cloudfunctions.googleapis.com/v2/projects/studio-8931863599-6d45c/locations/-/functions filter=environment%3D%22GEN_2%22
[debug] [2026-04-09T17:25:28.114Z] <<< [apiv2][status] GET https://cloudfunctions.googleapis.com/v2/projects/studio-8931863599-6d45c/locations/-/functions 200
[debug] [2026-04-09T17:25:28.114Z] <<< [apiv2][body] GET https://cloudfunctions.googleapis.com/v2/projects/studio-8931863599-6d45c/locations/-/functions {"functions":[{"name":"projects/studio-8931863599-6d45c/locations/us-central1/functions/ssrstudio89318635996d45","buildConfig":{"build":"projects/618645486004/locations/us-central1/builds/4f8405c7-494b-4614-b0d5-16d75939ba21","runtime":"nodejs24","entryPoint":"ssrstudio89318635996d45","source":{"storageSource":{"bucket":"gcf-v2-sources-618645486004-us-central1","object":"ssrstudio89318635996d45/function-source.zip","generation":"1774275135877326"}},"environmentVariables":{"GOOGLE_NODE_RUN_SCRIPTS":""},"dockerRepository":"projects/studio-8931863599-6d45c/locations/us-central1/repositories/gcf-artifacts","sourceProvenance":{"resolvedStorageSource":{"bucket":"gcf-v2-sources-618645486004-us-central1","object":"ssrstudio89318635996d45/function-source.zip","generation":"1774275135877326"}},"dockerRegistry":"ARTIFACT_REGISTRY","serviceAccount":"projects/studio-8931863599-6d45c/serviceAccounts/618645486004-compute@developer.gserviceaccount.com","automaticUpdatePolicy":{}},"serviceConfig":{"service":"projects/studio-8931863599-6d45c/locations/us-central1/services/ssrstudio89318635996d45","timeoutSeconds":60,"environmentVariables":{"VERCEL_URL":"studio-8931863599-6d45c.web.app","__FIREBASE_FRAMEWORKS_ENTRY__":"next.js","__FIREBASE_DEFAULTS__":"{\"config\":{\"projectId\":\"studio-8931863599-6d45c\",\"appId\":\"1:618645486004:web:199dbf50db4987171e1ae1\",\"storageBucket\":\"studio-8931863599-6d45c.firebasestorage.app\",\"apiKey\":\"AIzaSyAEWzl6-aPy1mpPHRJOFaQh_0Dw2VHd-Fk\",\"authDomain\":\"studio-8931863599-6d45c.firebaseapp.com\",\"messagingSenderId\":\"618645486004\",\"measurementId\":\"G-1W8E3KJK4B\",\"projectNumber\":\"618645486004\",\"version\":\"2\"},\"_authTokenSyncURL\":\"/__session\"}","FIREBASE_CONFIG":"{\"projectId\":\"studio-8931863599-6d45c\",\"storageBucket\":\"studio-8931863599-6d45c.firebasestorage.app\"}","GCLOUD_PROJECT":"studio-8931863599-6d45c","EVENTARC_CLOUD_EVENT_SOURCE":"projects/studio-8931863599-6d45c/locations/us-central1/services/ssrstudio89318635996d45","FUNCTION_TARGET":"ssrstudio89318635996d45","LOG_EXECUTION_ID":"true"},"maxInstanceCount":3,"ingressSettings":"ALLOW_ALL","uri":"https://ssrstudio89318635996d45-dwigkcf66a-uc.a.run.app","serviceAccountEmail":"618645486004-compute@developer.gserviceaccount.com","availableMemory":"256Mi","allTrafficOnLatestRevision":true,"revision":"ssrstudio89318635996d45-00005-zom","maxInstanceRequestConcurrency":80,"availableCpu":"1"},"state":"ACTIVE","updateTime":"2026-03-23T14:16:02.687287716Z","labels":{"firebase-functions-codebase":"firebase-frameworks-studio-8931863599-6d45c","firebase-functions-hash":"82db0e4921ee0ea164ef1cf55da738acc3fb4d90","deployment-tool":"cli-firebase"},"environment":"GEN_2","url":"https://us-central1-studio-8931863599-6d45c.cloudfunctions.net/ssrstudio89318635996d45","createTime":"2026-03-20T02:26:59.639289048Z","satisfiesPzi":true},{"name":"projects/studio-8931863599-6d45c/locations/us-central1/functions/ssrconfirjuvenilnsps","buildConfig":{"build":"projects/618645486004/locations/us-central1/builds/52fc13b2-a680-43d1-930b-b3e7664ad9aa","runtime":"nodejs24","entryPoint":"ssrconfirjuvenilnsps","source":{"storageSource":{"bucket":"gcf-v2-sources-618645486004-us-central1","object":"ssrconfirjuvenilnsps/function-source.zip","generation":"1775751482271435"}},"environmentVariables":{"GOOGLE_NODE_RUN_SCRIPTS":""},"dockerRepository":"projects/studio-8931863599-6d45c/locations/us-central1/repositories/gcf-artifacts","sourceProvenance":{"resolvedStorageSource":{"bucket":"gcf-v2-sources-618645486004-us-central1","object":"ssrconfirjuvenilnsps/function-source.zip","generation":"1775751482271435"}},"dockerRegistry":"ARTIFACT_REGISTRY","serviceAccount":"projects/studio-8931863599-6d45c/serviceAccounts/618645486004-compute@developer.gserviceaccount.com","automaticUpdatePolicy":{}},"serviceConfig":{"service":"projects/studio-8931863599-6d45c/locations/us-central1/services/ssrconfirjuvenilnsps","timeoutSeconds":60,"environmentVariables":{"VERCEL_URL":"studio-8931863599-6d45c.web.app","__FIREBASE_FRAMEWORKS_ENTRY__":"next.js","__FIREBASE_DEFAULTS__":"{\"config\":{\"projectId\":\"studio-8931863599-6d45c\",\"appId\":\"1:618645486004:web:199dbf50db4987171e1ae1\",\"storageBucket\":\"studio-8931863599-6d45c.firebasestorage.app\",\"apiKey\":\"AIzaSyAEWzl6-aPy1mpPHRJOFaQh_0Dw2VHd-Fk\",\"authDomain\":\"studio-8931863599-6d45c.firebaseapp.com\",\"messagingSenderId\":\"618645486004\",\"measurementId\":\"G-1W8E3KJK4B\",\"projectNumber\":\"618645486004\",\"version\":\"2\"},\"_authTokenSyncURL\":\"/__session\"}","FIREBASE_CONFIG":"{\"projectId\":\"studio-8931863599-6d45c\",\"storageBucket\":\"studio-8931863599-6d45c.firebasestorage.app\"}","GCLOUD_PROJECT":"studio-8931863599-6d45c","EVENTARC_CLOUD_EVENT_SOURCE":"projects/studio-8931863599-6d45c/locations/us-central1/services/ssrconfirjuvenilnsps","FUNCTION_TARGET":"ssrconfirjuvenilnsps","LOG_EXECUTION_ID":"true"},"maxInstanceCount":20,"ingressSettings":"ALLOW_ALL","uri":"https://ssrconfirjuvenilnsps-dwigkcf66a-uc.a.run.app","serviceAccountEmail":"618645486004-compute@developer.gserviceaccount.com","availableMemory":"256Mi","allTrafficOnLatestRevision":true,"revision":"ssrconfirjuvenilnsps-00010-qaz","maxInstanceRequestConcurrency":80,"availableCpu":"1"},"state":"ACTIVE","updateTime":"2026-04-09T16:20:56.709724814Z","labels":{"firebase-functions-codebase":"firebase-frameworks-confir-juvenil-nsps","firebase-functions-hash":"de080e2a158d1c0c0b88aecb7c4b14f42071ef15","deployment-tool":"cli-firebase"},"environment":"GEN_2","url":"https://us-central1-studio-8931863599-6d45c.cloudfunctions.net/ssrconfirjuvenilnsps","createTime":"2026-03-27T02:16:16.025276657Z","satisfiesPzi":true}]}
[info] i  hosting: The following function(s) are pinned to site confir-juvenil-nsps and will be deployed as well: ssrconfirjuvenilnsps 
[info] 
[info] === Deploying to 'studio-8931863599-6d45c'...
[info] 
[info] i  deploying functions, hosting 
[debug] [2026-04-09T17:25:28.122Z] Checked if tokens are valid: true, expires at: 1775758129005
[debug] [2026-04-09T17:25:28.122Z] Checked if tokens are valid: true, expires at: 1775758129005
[debug] [2026-04-09T17:25:28.122Z] >>> [apiv2][query] GET https://cloudresourcemanager.googleapis.com/v1/projects/studio-8931863599-6d45c [none]
[debug] [2026-04-09T17:25:28.328Z] <<< [apiv2][status] GET https://cloudresourcemanager.googleapis.com/v1/projects/studio-8931863599-6d45c 200
[debug] [2026-04-09T17:25:28.328Z] <<< [apiv2][body] GET https://cloudresourcemanager.googleapis.com/v1/projects/studio-8931863599-6d45c {"projectNumber":"618645486004","projectId":"studio-8931863599-6d45c","lifecycleState":"ACTIVE","name":"Firebase app","labels":{"firebase":"enabled","firebase-core":"disabled"},"createTime":"2026-02-17T13:51:46.353928Z"}
[info] i  functions: preparing codebase firebase-frameworks-confir-juvenil-nsps for deployment 
[info] i  functions: ensuring required API cloudfunctions.googleapis.com is enabled... 
[info] i  functions: ensuring required API cloudbuild.googleapis.com is enabled... 
[info] i  artifactregistry: ensuring required API artifactregistry.googleapis.com is enabled... 
[debug] [2026-04-09T17:25:28.332Z] Checked if tokens are valid: true, expires at: 1775758129005
[debug] [2026-04-09T17:25:28.332Z] Checked if tokens are valid: true, expires at: 1775758129005
[debug] [2026-04-09T17:25:28.332Z] >>> [apiv2][query] GET https://firebase.googleapis.com/v1beta1/projects/studio-8931863599-6d45c/adminSdkConfig [none]
[debug] [2026-04-09T17:25:28.780Z] <<< [apiv2][status] GET https://firebase.googleapis.com/v1beta1/projects/studio-8931863599-6d45c/adminSdkConfig 200
[debug] [2026-04-09T17:25:28.780Z] <<< [apiv2][body] GET https://firebase.googleapis.com/v1beta1/projects/studio-8931863599-6d45c/adminSdkConfig {"projectId":"studio-8931863599-6d45c","storageBucket":"studio-8931863599-6d45c.firebasestorage.app"}
[debug] [2026-04-09T17:25:28.780Z] Checked if tokens are valid: true, expires at: 1775758129005
[debug] [2026-04-09T17:25:28.780Z] Checked if tokens are valid: true, expires at: 1775758129005
[debug] [2026-04-09T17:25:28.781Z] >>> [apiv2][query] GET https://runtimeconfig.googleapis.com/v1beta1/projects/studio-8931863599-6d45c/configs [none]
[debug] [2026-04-09T17:25:29.358Z] <<< [apiv2][status] GET https://runtimeconfig.googleapis.com/v1beta1/projects/studio-8931863599-6d45c/configs 200
[debug] [2026-04-09T17:25:29.358Z] <<< [apiv2][body] GET https://runtimeconfig.googleapis.com/v1beta1/projects/studio-8931863599-6d45c/configs {}
[debug] [2026-04-09T17:25:29.360Z] Validating nodejs source
[warn] !  functions: package.json indicates an outdated version of firebase-functions. Please upgrade using npm install --save firebase-functions@latest in your functions directory. 
[warn] !  functions: Please note that there will be breaking changes when you upgrade. 
[debug] [2026-04-09T17:25:30.370Z] > [functions] package.json contents: {
  "name": "nextn",
  "version": "0.1.0",
  "private": true,
  "dependencies": {
    "@genkit-ai/google-genai": "^1.28.0",
    "@hookform/resolvers": "^4.1.3",
    "@radix-ui/react-accordion": "^1.2.3",
    "@radix-ui/react-alert-dialog": "^1.1.6",
    "@radix-ui/react-avatar": "^1.1.3",
    "@radix-ui/react-checkbox": "^1.1.4",
    "@radix-ui/react-collapsible": "^1.1.11",
    "@radix-ui/react-dialog": "^1.1.6",
    "@radix-ui/react-dropdown-menu": "^2.1.6",
    "@radix-ui/react-label": "^2.1.2",
    "@radix-ui/react-menubar": "^1.1.6",
    "@radix-ui/react-popover": "^1.1.6",
    "@radix-ui/react-progress": "^1.1.2",
    "@radix-ui/react-radio-group": "^1.2.3",
    "@radix-ui/react-scroll-area": "^1.2.3",
    "@radix-ui/react-select": "^2.1.6",
    "@radix-ui/react-separator": "^1.1.2",
    "@radix-ui/react-slider": "^1.2.3",
    "@radix-ui/react-slot": "^1.2.3",
    "@radix-ui/react-switch": "^1.1.3",
    "@radix-ui/react-tabs": "^1.1.3",
    "@radix-ui/react-toast": "^1.2.6",
    "@radix-ui/react-tooltip": "^1.1.8",
    "class-variance-authority": "^0.7.1",
    "clsx": "^2.1.1",
    "date-fns": "^3.6.0",
    "dotenv": "^16.5.0",
    "embla-carousel-react": "^8.6.0",
    "firebase": "^11.9.1",
    "genkit": "^1.28.0",
    "html2canvas": "^1.4.1",
    "jspdf": "^2.5.1",
    "lucide-react": "^0.475.0",
    "next": "15.5.9",
    "patch-package": "^8.0.0",
    "qrcode.react": "^4.1.0",
    "react": "^19.2.1",
    "react-day-picker": "^9.11.3",
    "react-dom": "^19.2.1",
    "react-hook-form": "^7.54.2",
    "recharts": "^2.15.1",
    "tailwind-merge": "^3.0.1",
    "tailwindcss-animate": "^1.0.7",
    "xlsx": "^0.18.5",
    "zod": "^3.24.2",
    "firebase-frameworks": "^0.11.0",
    "firebase-functions": "^6.0.1",
    "firebase-admin": "^11.11.1"
  },
  "main": "server.js",
  "engines": {
    "node": "24"
  }
}
[debug] [2026-04-09T17:25:30.370Z] Building nodejs source
[info] i  functions: Loading and analyzing source code for codebase firebase-frameworks-confir-juvenil-nsps to determine what to deploy 
[debug] [2026-04-09T17:25:30.372Z] Could not find functions.yaml. Must use http discovery
[debug] [2026-04-09T17:25:30.386Z] Found firebase-functions binary at 'C:\studio-main\studio-main\.firebase\confir-juvenil-nsps\functions\node_modules\.bin\firebase-functions'
[info] Serving at port 8469

[debug] [2026-04-09T17:25:31.428Z] Got response from /__/functions.yaml {"endpoints":{"ssrconfirjuvenilnsps":{"availableMemoryMb":null,"timeoutSeconds":null,"minInstances":null,"maxInstances":null,"ingressSettings":null,"concurrency":null,"serviceAccountEmail":null,"vpc":null,"platform":"gcfv2","labels":{},"httpsTrigger":{},"entryPoint":"ssrconfirjuvenilnsps"}},"specVersion":"v1alpha1","requiredAPIs":[],"extensions":{}}
[info] i  extensions: ensuring required API firebaseextensions.googleapis.com is enabled... 
[debug] [2026-04-09T17:25:35.472Z] > command requires scopes: ["email","openid","https://www.googleapis.com/auth/cloudplatformprojects.readonly","https://www.googleapis.com/auth/firebase","https://www.googleapis.com/auth/cloud-platform"]
[debug] [2026-04-09T17:25:35.472Z] > authorizing via signed-in user (ing.eduardobenitez00@gmail.com)
[debug] [2026-04-09T17:25:35.472Z] [iam] checking project studio-8931863599-6d45c for permissions ["firebase.projects.get","firebaseextensions.instances.list"]
[debug] [2026-04-09T17:25:35.472Z] Checked if tokens are valid: true, expires at: 1775758129005
[debug] [2026-04-09T17:25:35.472Z] Checked if tokens are valid: true, expires at: 1775758129005
[debug] [2026-04-09T17:25:35.473Z] >>> [apiv2][query] POST https://cloudresourcemanager.googleapis.com/v1/projects/studio-8931863599-6d45c:testIamPermissions [none]
[debug] [2026-04-09T17:25:35.473Z] >>> [apiv2][(partial)header] POST https://cloudresourcemanager.googleapis.com/v1/projects/studio-8931863599-6d45c:testIamPermissions  x-goog-user-project=studio-8931863599-6d45c
[debug] [2026-04-09T17:25:35.473Z] >>> [apiv2][body] POST https://cloudresourcemanager.googleapis.com/v1/projects/studio-8931863599-6d45c:testIamPermissions {"permissions":["firebase.projects.get","firebaseextensions.instances.list"]}
[debug] [2026-04-09T17:25:36.357Z] <<< [apiv2][status] POST https://cloudresourcemanager.googleapis.com/v1/projects/studio-8931863599-6d45c:testIamPermissions 200
[debug] [2026-04-09T17:25:36.357Z] <<< [apiv2][body] POST https://cloudresourcemanager.googleapis.com/v1/projects/studio-8931863599-6d45c:testIamPermissions {"permissions":["firebase.projects.get","firebaseextensions.instances.list"]}
[debug] [2026-04-09T17:25:36.358Z] Checked if tokens are valid: true, expires at: 1775758129005
[debug] [2026-04-09T17:25:36.358Z] Checked if tokens are valid: true, expires at: 1775758129005
[debug] [2026-04-09T17:25:36.358Z] >>> [apiv2][query] GET https://firebaseextensions.googleapis.com/v1beta/projects/studio-8931863599-6d45c/instances pageSize=100&pageToken=
[debug] [2026-04-09T17:25:37.613Z] <<< [apiv2][status] GET https://firebaseextensions.googleapis.com/v1beta/projects/studio-8931863599-6d45c/instances 200
[debug] [2026-04-09T17:25:37.613Z] <<< [apiv2][body] GET https://firebaseextensions.googleapis.com/v1beta/projects/studio-8931863599-6d45c/instances {}
[info] i  functions: Loaded environment variables from .env. 
[info] i  functions: preparing .firebase\confir-juvenil-nsps\functions directory for uploading... 
[info] i  functions: packaged C:\studio-main\studio-main\.firebase\confir-juvenil-nsps\functions (91.09 MB) for uploading 
[info] i  functions: ensuring required API run.googleapis.com is enabled... 
[info] i  functions: ensuring required API eventarc.googleapis.com is enabled... 
[info] i  functions: ensuring required API pubsub.googleapis.com is enabled... 
[info] i  functions: ensuring required API storage.googleapis.com is enabled... 
[info] i  functions: generating the service identity for pubsub.googleapis.com... 
[debug] [2026-04-09T17:25:48.111Z] Checked if tokens are valid: true, expires at: 1775758129005
[debug] [2026-04-09T17:25:48.112Z] Checked if tokens are valid: true, expires at: 1775758129005
[info] i  functions: generating the service identity for eventarc.googleapis.com... 
[debug] [2026-04-09T17:25:48.112Z] Checked if tokens are valid: true, expires at: 1775758129005
[debug] [2026-04-09T17:25:48.112Z] Checked if tokens are valid: true, expires at: 1775758129005
[debug] [2026-04-09T17:25:48.113Z] >>> [apiv2][query] POST https://serviceusage.googleapis.com/v1beta1/projects/618645486004/services/pubsub.googleapis.com:generateServiceIdentity [none]
[debug] [2026-04-09T17:25:48.113Z] >>> [apiv2][(partial)header] POST https://serviceusage.googleapis.com/v1beta1/projects/618645486004/services/pubsub.googleapis.com:generateServiceIdentity  x-goog-user-project=618645486004
[debug] [2026-04-09T17:25:48.113Z] >>> [apiv2][body] POST https://serviceusage.googleapis.com/v1beta1/projects/618645486004/services/pubsub.googleapis.com:generateServiceIdentity {}
[debug] [2026-04-09T17:25:48.118Z] >>> [apiv2][query] POST https://serviceusage.googleapis.com/v1beta1/projects/618645486004/services/eventarc.googleapis.com:generateServiceIdentity [none]
[debug] [2026-04-09T17:25:48.118Z] >>> [apiv2][(partial)header] POST https://serviceusage.googleapis.com/v1beta1/projects/618645486004/services/eventarc.googleapis.com:generateServiceIdentity  x-goog-user-project=618645486004
[debug] [2026-04-09T17:25:48.118Z] >>> [apiv2][body] POST https://serviceusage.googleapis.com/v1beta1/projects/618645486004/services/eventarc.googleapis.com:generateServiceIdentity {}
[debug] [2026-04-09T17:25:49.407Z] <<< [apiv2][status] POST https://serviceusage.googleapis.com/v1beta1/projects/618645486004/services/eventarc.googleapis.com:generateServiceIdentity 200
[debug] [2026-04-09T17:25:49.407Z] <<< [apiv2][body] POST https://serviceusage.googleapis.com/v1beta1/projects/618645486004/services/eventarc.googleapis.com:generateServiceIdentity {"name":"operations/finished.DONE_OPERATION","done":true,"response":{"@type":"type.googleapis.com/google.api.serviceusage.v1beta1.ServiceIdentity","email":"service-618645486004@gcp-sa-eventarc.iam.gserviceaccount.com","uniqueId":"116906471365620586574"}}
[debug] [2026-04-09T17:25:49.408Z] <<< [apiv2][status] POST https://serviceusage.googleapis.com/v1beta1/projects/618645486004/services/pubsub.googleapis.com:generateServiceIdentity 200
[debug] [2026-04-09T17:25:49.408Z] <<< [apiv2][body] POST https://serviceusage.googleapis.com/v1beta1/projects/618645486004/services/pubsub.googleapis.com:generateServiceIdentity {"name":"operations/finished.DONE_OPERATION","done":true,"response":{"@type":"type.googleapis.com/google.api.serviceusage.v1beta1.ServiceIdentity","email":"service-618645486004@gcp-sa-pubsub.iam.gserviceaccount.com","uniqueId":"106674615629604808598"}}
[debug] [2026-04-09T17:25:49.410Z] Checked if tokens are valid: true, expires at: 1775758129005
[debug] [2026-04-09T17:25:49.410Z] Checked if tokens are valid: true, expires at: 1775758129005
[debug] [2026-04-09T17:25:49.410Z] >>> [apiv2][query] GET https://cloudresourcemanager.googleapis.com/v1/projects/studio-8931863599-6d45c [none]
[debug] [2026-04-09T17:25:50.321Z] <<< [apiv2][status] GET https://cloudresourcemanager.googleapis.com/v1/projects/studio-8931863599-6d45c 200
[debug] [2026-04-09T17:25:50.321Z] <<< [apiv2][body] GET https://cloudresourcemanager.googleapis.com/v1/projects/studio-8931863599-6d45c {"projectNumber":"618645486004","projectId":"studio-8931863599-6d45c","lifecycleState":"ACTIVE","name":"Firebase app","labels":{"firebase":"enabled","firebase-core":"disabled"},"createTime":"2026-02-17T13:51:46.353928Z"}
[debug] [2026-04-09T17:25:50.321Z] Checked if tokens are valid: true, expires at: 1775758129005
[debug] [2026-04-09T17:25:50.321Z] Checked if tokens are valid: true, expires at: 1775758129005
[debug] [2026-04-09T17:25:50.322Z] >>> [apiv2][query] GET https://compute.googleapis.com/compute/v1/projects/618645486004 [none]
[debug] [2026-04-09T17:25:51.757Z] <<< [apiv2][status] GET https://compute.googleapis.com/compute/v1/projects/618645486004 403
[debug] [2026-04-09T17:25:51.757Z] <<< [apiv2][body] GET https://compute.googleapis.com/compute/v1/projects/618645486004 {"error":{"code":403,"message":"Compute Engine API has not been used in project 618645486004 before or it is disabled. Enable it by visiting https://console.developers.google.com/apis/api/compute.googleapis.com/overview?project=618645486004 then retry. If you enabled this API recently, wait a few minutes for the action to propagate to our systems and retry.","errors":[{"message":"Compute Engine API has not been used in project 618645486004 before or it is disabled. Enable it by visiting https://console.developers.google.com/apis/api/compute.googleapis.com/overview?project=618645486004 then retry. If you enabled this API recently, wait a few minutes for the action to propagate to our systems and retry.","domain":"usageLimits","reason":"accessNotConfigured","extendedHelp":"https://console.developers.google.com"}],"status":"PERMISSION_DENIED","details":[{"@type":"type.googleapis.com/google.rpc.ErrorInfo","reason":"SERVICE_DISABLED","domain":"googleapis.com","metadata":{"activationUrl":"https://console.developers.google.com/apis/api/compute.googleapis.com/overview?project=618645486004","consumer":"projects/618645486004","serviceTitle":"Compute Engine API","containerInfo":"618645486004","service":"compute.googleapis.com"}},{"@type":"type.googleapis.com/google.rpc.LocalizedMessage","locale":"en-US","message":"Compute Engine API has not been used in project 618645486004 before or it is disabled. Enable it by visiting https://console.developers.google.com/apis/api/compute.googleapis.com/overview?project=618645486004 then retry. If you enabled this API recently, wait a few minutes for the action to propagate to our systems and retry."},{"@type":"type.googleapis.com/google.rpc.Help","links":[{"description":"Google developers console API activation","url":"https://console.developers.google.com/apis/api/compute.googleapis.com/overview?project=618645486004"}]}]}}
[debug] [2026-04-09T17:25:51.758Z] unable to look up default compute service account. Falling back to 618645486004-compute@developer.gserviceaccount.com. Error: {"name":"FirebaseError","children":[],"context":{"body":{"error":{"code":403,"message":"Compute Engine API has not been used in project 618645486004 before or it is disabled. Enable it by visiting https://console.developers.google.com/apis/api/compute.googleapis.com/overview?project=618645486004 then retry. If you enabled this API recently, wait a few minutes for the action to propagate to our systems and retry.","errors":[{"message":"Compute Engine API has not been used in project 618645486004 before or it is disabled. Enable it by visiting https://console.developers.google.com/apis/api/compute.googleapis.com/overview?project=618645486004 then retry. If you enabled this API recently, wait a few minutes for the action to propagate to our systems and retry.","domain":"usageLimits","reason":"accessNotConfigured","extendedHelp":"https://console.developers.google.com"}],"status":"PERMISSION_DENIED","details":[{"@type":"type.googleapis.com/google.rpc.ErrorInfo","reason":"SERVICE_DISABLED","domain":"googleapis.com","metadata":{"activationUrl":"https://console.developers.google.com/apis/api/compute.googleapis.com/overview?project=618645486004","consumer":"projects/618645486004","serviceTitle":"Compute Engine API","containerInfo":"618645486004","service":"compute.googleapis.com"}},{"@type":"type.googleapis.com/google.rpc.LocalizedMessage","locale":"en-US","message":"Compute Engine API has not been used in project 618645486004 before or it is disabled. Enable it by visiting https://console.developers.google.com/apis/api/compute.googleapis.com/overview?project=618645486004 then retry. If you enabled this API recently, wait a few minutes for the action to propagate to our systems and retry."},{"@type":"type.googleapis.com/google.rpc.Help","links":[{"description":"Google developers console API activation","url":"https://console.developers.google.com/apis/api/compute.googleapis.com/overview?project=618645486004"}]}]}},"response":{"statusCode":403}},"exit":1,"message":"Request to https://compute.googleapis.com/compute/v1/projects/618645486004 had HTTP Error: 403, Compute Engine API has not been used in project 618645486004 before or it is disabled. Enable it by visiting https://console.developers.google.com/apis/api/compute.googleapis.com/overview?project=618645486004 then retry. If you enabled this API recently, wait a few minutes for the action to propagate to our systems and retry.","status":403}
[debug] [2026-04-09T17:25:51.762Z] Checked if tokens are valid: true, expires at: 1775758129005
[debug] [2026-04-09T17:25:51.762Z] Checked if tokens are valid: true, expires at: 1775758129005
[debug] [2026-04-09T17:25:51.762Z] >>> [apiv2][query] POST https://firebasehosting.googleapis.com/v1beta1/projects/-/sites/confir-juvenil-nsps/versions [none]
[debug] [2026-04-09T17:25:51.762Z] >>> [apiv2][body] POST https://firebasehosting.googleapis.com/v1beta1/projects/-/sites/confir-juvenil-nsps/versions {"status":"CREATED","labels":{"deployment-tool":"cli-firebase","firebase-web-framework":"next_ssr"}}
[debug] [2026-04-09T17:25:53.466Z] <<< [apiv2][status] POST https://firebasehosting.googleapis.com/v1beta1/projects/-/sites/confir-juvenil-nsps/versions 200
[debug] [2026-04-09T17:25:53.466Z] <<< [apiv2][body] POST https://firebasehosting.googleapis.com/v1beta1/projects/-/sites/confir-juvenil-nsps/versions {"name":"projects/618645486004/sites/confir-juvenil-nsps/versions/a2558e01873410a2","status":"CREATED","config":{},"labels":{"firebase-web-framework":"next_ssr","deployment-tool":"cli-firebase"}}
[debug] [2026-04-09T17:25:53.467Z] Checked if tokens are valid: true, expires at: 1775758129005
[debug] [2026-04-09T17:25:53.467Z] Checked if tokens are valid: true, expires at: 1775758129005
[debug] [2026-04-09T17:25:53.467Z] >>> [apiv2][query] GET https://cloudbilling.googleapis.com/v1/projects/studio-8931863599-6d45c/billingInfo [none]
[debug] [2026-04-09T17:25:54.960Z] <<< [apiv2][status] GET https://cloudbilling.googleapis.com/v1/projects/studio-8931863599-6d45c/billingInfo 200
[debug] [2026-04-09T17:25:54.961Z] <<< [apiv2][body] GET https://cloudbilling.googleapis.com/v1/projects/studio-8931863599-6d45c/billingInfo {"name":"projects/studio-8931863599-6d45c/billingInfo","projectId":"studio-8931863599-6d45c","billingAccountName":"billingAccounts/0138C5-F8FA79-98B076","billingEnabled":true}
[debug] [2026-04-09T17:25:54.965Z] Checked if tokens are valid: true, expires at: 1775758129005
[debug] [2026-04-09T17:25:54.965Z] Checked if tokens are valid: true, expires at: 1775758129005
[debug] [2026-04-09T17:25:54.965Z] >>> [apiv2][query] POST https://cloudfunctions.googleapis.com/v2/projects/studio-8931863599-6d45c/locations/us-central1/functions:generateUploadUrl [none]
[debug] [2026-04-09T17:25:56.140Z] <<< [apiv2][status] POST https://cloudfunctions.googleapis.com/v2/projects/studio-8931863599-6d45c/locations/us-central1/functions:generateUploadUrl 200
[debug] [2026-04-09T17:25:56.140Z] <<< [apiv2][body] POST https://cloudfunctions.googleapis.com/v2/projects/studio-8931863599-6d45c/locations/us-central1/functions:generateUploadUrl {"uploadUrl":"https://storage.googleapis.com/gcf-v2-uploads-618645486004.us-central1.cloudfunctions.appspot.com/1f800fa0-3ace-4aea-aac2-c6b722cb245f.zip?GoogleAccessId=service-618645486004@gcf-admin-robot.iam.gserviceaccount.com&Expires=1775753983&Signature=ppBJ0ep8QbeIy6FyPMNY1jTT%2FYJlHgA5lN2X5FZ7RjKzy%2ByjjGEyw32X0d7tPFGJ9OKy8Bd6BY0%2FKrC2dPuecv7iOK%2FsFUzY%2F4ZqBWETMhGvl8GNYs9VWh11IrQYU6bqVI47dRZZwGDhTHDx9OuTWD8813KBHP18z9P6g7y32j7uR9ElfO0K%2Fc7K4C0f2dGQTMiWtXw5fSQsha2XWxusdxboIqtYi5bwpr7r96wi1fM5%2BUhs9cPBEVfc9S6%2BjXXKIZJ9dKhvUKkUKsiGwy6oYwjjOOknn9qXLh4VHrgGhUYAn3ptoykTdwLCrE8bjc7G8gW2RD01nD3txHlQSgesmA%3D%3D","storageSource":{"bucket":"gcf-v2-uploads-618645486004.us-central1.cloudfunctions.appspot.com","object":"1f800fa0-3ace-4aea-aac2-c6b722cb245f.zip"}}
[debug] [2026-04-09T17:25:56.141Z] >>> [apiv2][query] PUT https://storage.googleapis.com/gcf-v2-uploads-618645486004.us-central1.cloudfunctions.appspot.com/1f800fa0-3ace-4aea-aac2-c6b722cb245f.zip GoogleAccessId=service-618645486004%40gcf-admin-robot.iam.gserviceaccount.com&Expires=1775753983&Signature=ppBJ0ep8QbeIy6FyPMNY1jTT%2FYJlHgA5lN2X5FZ7RjKzy%2ByjjGEyw32X0d7tPFGJ9OKy8Bd6BY0%2FKrC2dPuecv7iOK%2FsFUzY%2F4ZqBWETMhGvl8GNYs9VWh11IrQYU6bqVI47dRZZwGDhTHDx9OuTWD8813KBHP18z9P6g7y32j7uR9ElfO0K%2Fc7K4C0f2dGQTMiWtXw5fSQsha2XWxusdxboIqtYi5bwpr7r96wi1fM5%2BUhs9cPBEVfc9S6%2BjXXKIZJ9dKhvUKkUKsiGwy6oYwjjOOknn9qXLh4VHrgGhUYAn3ptoykTdwLCrE8bjc7G8gW2RD01nD3txHlQSgesmA%3D%3D
[debug] [2026-04-09T17:25:56.141Z] >>> [apiv2][body] PUT https://storage.googleapis.com/gcf-v2-uploads-618645486004.us-central1.cloudfunctions.appspot.com/1f800fa0-3ace-4aea-aac2-c6b722cb245f.zip [stream]
[debug] [2026-04-09T17:26:06.241Z] <<< [apiv2][status] PUT https://storage.googleapis.com/gcf-v2-uploads-618645486004.us-central1.cloudfunctions.appspot.com/1f800fa0-3ace-4aea-aac2-c6b722cb245f.zip 200
[debug] [2026-04-09T17:26:06.241Z] <<< [apiv2][body] PUT https://storage.googleapis.com/gcf-v2-uploads-618645486004.us-central1.cloudfunctions.appspot.com/1f800fa0-3ace-4aea-aac2-c6b722cb245f.zip [omitted]
[info] +  functions: .firebase\confir-juvenil-nsps\functions source uploaded successfully 
[info] i  hosting[confir-juvenil-nsps]: beginning deploy... 
[info] i  hosting[confir-juvenil-nsps]: found 105 files in .firebase\confir-juvenil-nsps\hosting 
[debug] [2026-04-09T17:26:06.275Z] [hosting] uploading with 200 concurrency
[debug] [2026-04-09T17:26:06.682Z] Checked if tokens are valid: true, expires at: 1775758129005
[debug] [2026-04-09T17:26:06.682Z] Checked if tokens are valid: true, expires at: 1775758129005
[debug] [2026-04-09T17:26:06.684Z] [hosting] hash cache [LmZpcmViYXNlXGNvbmZpci1qdXZlbmlsLW5zcHNcaG9zdGluZw] stored for 105 files
[debug] [2026-04-09T17:26:06.694Z] [hosting][hash queue][FINAL] {"max":390,"min":6,"avg":150.16190476190476,"active":0,"complete":105,"success":105,"errored":0,"retried":0,"total":105,"elapsed":413}
[debug] [2026-04-09T17:26:06.695Z] >>> [apiv2][query] POST https://firebasehosting.googleapis.com/v1beta1/projects/618645486004/sites/confir-juvenil-nsps/versions/a2558e01873410a2:populateFiles [none]
[debug] [2026-04-09T17:26:06.695Z] >>> [apiv2][body] POST https://firebasehosting.googleapis.com/v1beta1/projects/618645486004/sites/confir-juvenil-nsps/versions/a2558e01873410a2:populateFiles {"files":{"/sw.js":"4edb296b9c1e0ad8e7b6459afdb58e5d41626772961daf440463f77c11f34ba4","/logo.png":"1d8e7f1576ce2efed37d743710b80d6469ce1713e96acd14fe956c4f70dcd5f1","/logo-recibo.png":"ec7207bc6658dcd61aebd09465d6453e5f7bc7851bc1c922bef21fcebedc75ec","/icon.png":"9305a4eae990f62773cc71edefd5e7585dea3cf43b628d0f43c6d46db716ca4b","/manifest.webmanifest":"48c7b5ad127ce0a5f6472ad2b75fc50d67556755f3604f8e74e68d6b90638d34","/_not-found.html":"d7caee7a799bc1bc66750f3ec70e21f7de2eeaa93571607b329d8b955ab2b1bb","/login.html":"cea1dcac0d674398648af00cbfc539aa12d3b1421cd09ff3a84cdea0a75a0bff","/_next/static/P83kW0D7ayI1hrp_b_U0E/_ssgManifest.js":"dc28a4dc92fe352ed5d2201bd3972ce47691bc8e89e0400a68d1541d0567c6d5","/register.html":"11c3cf713113ac592a8388afed8b28b5ea58b29c0ab1d26b863d1dc0cfd7e261","/inscripcion.html":"f1a935c4ff3e161021e8998fc482dd2a70acd726ca7135649fa647e935985488","/_next/static/P83kW0D7ayI1hrp_b_U0E/_buildManifest.js":"b6d3105c0e43093f1a7d0b6e1725fbef1853982bbb837e529c28c4d17308edc5","/index.html":"ef49c296ad21eb8590c8f9312527118f4bbd1c5e2cdfea3471d479424e9e38e6","/404.html":"d7caee7a799bc1bc66750f3ec70e21f7de2eeaa93571607b329d8b955ab2b1bb","/dashboard.html":"ec32fdab0437e3b4cf71eb5e34a13ab6dff6d010299867cc8aa61b8f9aa48490","/_next/static/chunks/main-app-5d3b498af65eb314.js":"8a0ddb0a40abb7dd95c8a1e0a93941ae7a353bdd1ff6469197103e2ae963bb1e","/_next/static/chunks/webpack-6a01eb86d9805c69.js":"6cf6ccf4164d71ac8476392d7840a296c7ac4723f33b553141c8129243b27ad2","/_next/static/chunks/9795-8c8b0aa3e7f22ada.js":"350f423e3ff5cce485b910ebec5ff616c66f01b68fbdb5beda700a2f975623f7","/_next/static/chunks/9385-8d2681dd95f3af98.js":"13739cd7a2058d78e8dbc7163d1bea62c9edc3e14ff974ac3a050643f4222a24","/_next/static/chunks/8877-af7da8d10279ba8f.js":"b65f662c1b918cf3c52533c01ae5b71e4b6823271af4ff67495a8c5069cd5220","/_next/static/chunks/9034-45b00ba2688463ba.js":"87ba30c5786dad9eb83a4ec0f801b306454e832220172aef431fe418a4e1c97c","/_next/static/chunks/85-aec92556a42c1a02.js":"f5fe168c5b28b2995c8c88949b9a20885bd139625538d82980a007c53d74a1e9","/_next/static/chunks/8421-5c3b1de6e140101b.js":"76baa0a57460a00659b17fb9d22c2117eae013c4d31441455ac05512d6146ddb","/_next/static/chunks/849-05fd7eea873ed019.js":"ec4a75f0447f817f7b800c35f8cdb134a7d3156c31dabe3a96e09db0553e818b","/_next/static/chunks/9085-1ebfd8ab4c604089.js":"4a8c17cd0a4b6007a5c8b0b8790acb38881a9e3ff317de364686ab7fa5b75016","/_next/static/chunks/7393-c5634c49cf87e3f2.js":"2543bffb4fc211f32cda7c86c44a5454011c4e7866751518369af2f0f4fd445e","/_next/static/chunks/7870-db600283bc06d37e.js":"c304978975962f2a5340002aa1f2d6a43962fde260770063c6161f7db48799d3","/_next/static/chunks/8351-931ea992355d6646.js":"42b0219bd885da83b73ef1160fba436dcd00f7b30e9e7931ad383b10e0f91c86","/_next/static/chunks/5239-b24dd7149d741c56.js":"f2e89d9eca6757f182bc4f1756c228eb6ac8376a94d101202f6a1fd28050fc18","/_next/static/chunks/5139.e4ff9cc3669129ed.js":"b6b9531c6d1c0dd431dc03bc30c48774c20e3711b81a7908b6c2a30fd720085c","/_next/static/chunks/8283-1595ecc661b8d53d.js":"20992b0ad8877ec4c07fb1aa2c4887b0ccbb2c45ff11375f121a3734385ba5f9","/_next/static/chunks/7679-d72278ab788d1137.js":"4c6a61259f6c6bc5d873a6d460f4dc3db62fa2f15bbbfd3a2d3095d0b4b8f341","/_next/static/chunks/4685-52ea468058b1bd2d.js":"f3f4300a9ef1085c72041644e181c64418a8b80630a323a3b27be7f832e6180a","/_next/static/chunks/4419-c55bbc6eb0e7fd04.js":"10ee4d4805c96fae00baa1ee03b0691a55094f38e4cdd660bf453fd116ff865f","/_next/static/chunks/5113-ac954c91188cee74.js":"71f8a9094f303a72ea82773dbbc52e926ddf2aae2a45b2f8671ca474ee0e65f4","/_next/static/chunks/3251-3c42ab675f426358.js":"d6a441c3bf9175d88527dec52051408afe0bbab63c7ca838654a8518ad435d3b","/_next/static/chunks/3408-982affa46abf7e28.js":"f6493a0812b954b9b3596e4db8f5ba9ec9828c63cbe60bae041f25e460980e5b","/_next/static/chunks/4339-875cae81be8b113f.js":"6ed8f865b52a7846e107b74632e0dd75fcc6c82c748bec9fbc452c418b6bd006","/_next/static/chunks/3016-d901e9f24d5a4300.js":"7f84abc4b3ceb18ebef53088ca51d5933beab0426c839c796fd0f793cf6e031e","/_next/static/chunks/2935-65a68449fe8da014.js":"df108ed52f9242c8386ebf01cb8f5090a293c01322d69fb4a7d93c2253ecfc90","/_next/static/chunks/2619-04bc32f026a0d946.js":"4f883711bf021d0f27a39bce50d7edd04728d1bfbc71afbdb22b6eca0677d21b","/_next/static/chunks/2410-6e62729a47801432.js":"1911b6f1c3957d74f2e3c434218c293d802ab7a836f6375ec1ae21c4f2ab42a0","/_next/static/css/8bc562cee584b236.css":"27a3486e310ec192cb90c71a55c9e541ccd33e2cac362d51447561f84fa3ae7a","/_next/static/chunks/2807-012bfd046f2d07e8.js":"e55baba52cb7dd2b2a59533dbf0abade9c8ba5b2bdf111c6da2b83953bc2be27","/_next/static/chunks/ae6eea6a-b7b51dbf10f8d350.js":"5a4dc75d49a70e56c3d39b5e84e51a28f27cbfd1e332862c2f239cfad578235d","/_next/static/chunks/5658-f80f7267ac5d6059.js":"fce7205da2d0a7b44109e5adb4adec945e4a03f9f8288ff6bc69dc997958cc02","/_next/static/chunks/466-1607a064b6f820d6.js":"604810cac8cdb30b08c8769c5da2a117f017df28d5b4bc3da292d55e84f22c25","/_next/static/chunks/main-8d526c73b911ce44.js":"054e81f757700565d54231b2dd95c1602a931b755ed45a046885e0ca5a974797","/_next/static/chunks/polyfills-42372ed130431b0a.js":"18e28d3214eda45048d80d3925ea7627b809e69ad2e95f7f98459e9146a61c3d","/_next/static/chunks/1646.a93085a0445ba909.js":"b9e7ca3f33cb263d68c2410293e54b6ff869eb591198a820761b72638b5efab4","/_next/static/chunks/1197-2ca01f58232bd6e7.js":"440b96674f78f4798ab14f930805efed7aedb208a2156b91dd27ef4cfd8adc82","/_next/static/chunks/pages/_error-c8f84f7bd11d43d4.js":"2cf49993f22dc94cad4f4972d7b56abd80e55ea8dffd003eb54025034d7e0469","/_next/static/chunks/pages/_app-e8b861c87f6f033c.js":"8c4a1341c3393619cf243e91f26a72c851c81222ddf59962fd9de8c21def5d0d","/_next/static/chunks/app/page-4c848445b59de9fb.js":"7da42f5c81a3e38b654fb81519419f7d83caa310b96e1fae93aabeb4df3bf708","/_next/static/chunks/app/manifest.webmanifest/route-ce26fb75bf2a2122.js":"c799622e21f28fc82521f030c44a24d7176b65f206a21990a22554abe36504ea","/_next/static/chunks/app/layout-26770adf1928407e.js":"72e7618414c93e788e6033a8834a75a1a0d0e50778b2fbe547f8b48ecb43853a","/_next/static/chunks/app/register/page-c22599aff43bb5ce.js":"42dffe6b62ea720ec22643d7d0b1597101e2e6a90849c93ae0a6b6027165307c","/_next/static/chunks/app/_not-found/page-e220960e41985e28.js":"441d3b4d2d472e0cd8c66323a697bf9f5001fc24c8e3c7bc07d36cc945d006e6","/_next/static/chunks/app/inscripcion/page-bb45b267561febff.js":"73bbdc63835aa8031047c3fe86d11d28a24b4a5c825affff3608c670131fad82","/_next/static/chunks/app/login/page-7b8d0c93575d2726.js":"c053b4bfd720dfb993752eacbd1df737b36e14ce02429a0cb82dc1adb76ebe06","/_next/static/chunks/app/dashboard/page-0c514510746c9632.js":"08bdc11c56ccd099a990d1ef355184ff979b989abcbaa23f9ffd9b375cdca21d","/_next/static/chunks/app/dashboard/treasury/page-7256fb7fa880235d.js":"8c4a7368ed17325aa2c55acc321220e3d8c254d39f98e3e31b5e5b88fd08c5f7","/_next/static/chunks/app/dashboard/qr-lab/page-8b27c4f5383617ed.js":"02550b1613ab630825ae0a648716ad8f259f2e300655ee1ab018f09bc91d0a75","/_next/static/chunks/app/dashboard/registrations/page-6b74120929169b33.js":"4ccd380cb6b3e2b653548bfb77f791d8d5340f4154702d1c001700004e7132ea","/_next/static/chunks/app/dashboard/registration/page-7e28b8227f804f55.js":"a6fdc6a4d5f103f92244e8d3b7e3a0b51123e6823f6c7342ebcb48ce9ca9f809","/_next/static/chunks/app/dashboard/profile/page-8c92a216df6f536f.js":"97d7ecaad0445a257a2643296975894214e2ca34a3c39430d677b96b1f9d2ab4","/_next/static/chunks/app/dashboard/my-list/page-636a74827e787578.js":"0ac64f1b1162adf9ef18e255f295df71670ea3150f8d7ef46a5e2222423d2e90","/_next/static/chunks/app/dashboard/payments/page-cac10bb90abe5591.js":"8951a3534217d2eaf6f02e2f5e75155aa96166efb098589807e92b5cc98015be","/_next/static/chunks/app/dashboard/financial-stats/page-c3c6dab643a89082.js":"6d258504c026aded0302e47feff66c73dc9442f2ae785c9882765d39b3eebe9b","/_next/static/chunks/app/dashboard/group-change/page-89c440eb9373d9f2.js":"82e7e3033a42c44ec2fcb9a67d487e1b7b362d31744ef1bfdd5bf48347eb286a","/_next/static/chunks/app/dashboard/documentation/page-9a00eaa7dbebe719.js":"9e1244cbed2fcae3ce59fdffe66ed1b5ec15048c593c658f001e2545157a2e76","/_next/static/chunks/app/dashboard/attendance-control/page-6c756675582a7f22.js":"76eb2071c027b80f319dfb6b17103c3b48356c2b0838fbf9f590dc354c41ad16","/_next/static/chunks/app/dashboard/admin/page-28d7f9f82e0675bd.js":"3756f29a882b216817b9d82dbd0091a71b692e3ec6f5e3db693af4bcae030805","/_next/static/chunks/app/dashboard/catechist-payments/page-a2350e0c8303b30a.js":"f1904e1d7565d5583f77cfdf78f828eb7bc6c2ca9f4af67f22614ae98fd5fc10","/_next/static/chunks/app/dashboard/admin/sorting/page-234b145968068de6.js":"1c4b9aa3cf5e7a51282ec03e5a83007ac54d7a6d7ee4922484ac121ef27e19ce","/_next/static/chunks/app/dashboard/admin/groups/page-3532710966297805.js":"493d234d480d5bb075a36e3947edd075fb91d7db8c525f03d55cd00297756e79","/_next/static/chunks/app/dashboard/admin/connections/page-702e0812b9f1dfdf.js":"69e8a3a259169d44824274482944419f3d9f30cb39b803bfa0841fbc401a21ad","/_next/static/chunks/app/dashboard/admin/users/page-5361a64dc9cb743b.js":"d0de9ee6505e22270c90f2d877ba047a590520f955c52286322d451caeff4cc1","/_next/static/chunks/app/dashboard/admin/archive/page-2547efa7e4504f51.js":"5507bb48a58c360cf01ef053ef5e4e93de027216547175f9eb1ea335b2b1a5f6","/_next/static/chunks/app/dashboard/admin/audit/page-b95ee16195a3bc82.js":"f6d4cf9e169e318bd0d877661ceb96ac57033dd29e0c34565f8457399d5d8b45","/dashboard/registrations.html":"71739eabc39bc5390ba31331619f3c847b3a2e2119f578ab8cdaee5a01828eb3","/dashboard/registration.html":"758d502b4ed7abc423aff2ca5427ccd2e946875976872808f98b35d6ea680ef4","/dashboard/profile.html":"7d5600cfe1a5ed1c25f2200e0fcbdfaee7b8f853dae9cad175b7f1b1bb4a78eb","/dashboard/treasury.html":"9a6716e251cf17ac69f0c09bfdc054bcf2277cfad28ee3bd5effa9741636d1de","/dashboard/payments.html":"f90fd621e5df6143a10ad87bb69411a0634dd035b20d7f42346936c542628538","/_next/static/chunks/framework-5c6aa4eeab4c6f34.js":"d2aced5135f235014b2bdc92296b070dff00c7c020bfe622c3224514beeaae6a","/_next/static/chunks/bc9e92e6-06122077295c5c29.js":"c1933f5af5b433b1f699c68f072c8022dd24420d21e984263bc485b922d91176","/favicon.ico":"aaafe976a3e5cd887f97ea617c265bb4b4850bd212b1534dae7dfc58346419b8","/_next/static/chunks/app/dashboard/layout-99efeed01b53207b.js":"ee75ba61b3e6eb0bb612b1f034a036ab711ba6a33f6fa26afbaab4c89fda9a85","/dashboard/my-list.html":"39fd9b9190daaccfea3576cf4b9de74708850644910c05d2832e22b4c19d0a26","/_next/static/chunks/4bd1b696-182b6b13bdad92e3.js":"508cfdb7bff314413d33db81d755d7558b02301659d51e75667220278e3e7be8","/dashboard/financial-stats.html":"30a6e3b8875bee9f74b0d8405e11ccbc121a078e195e74900d1dd305e340ee02","/dashboard/group-change.html":"dfbae92783ba0ebcdd70c634eb307a848bcc15c765786ec8085a7697c40ea6a9","/dashboard/documentation.html":"166454c1d6fd2cf9454ee3e6c3a1550b9a7ffb4a1205dd7b0019ed0d323c957d","/dashboard/catechist-payments.html":"f2bbefc6d567718bf2dd2915e9d5e5884f73f1f4e0fdf9af0430e7c8fbe07e25","/dashboard/attendance-control.html":"52f22a4c0253a35987facc4c4dfc62a7346c444762a6388fefee4a98d3c98bc5","/dashboard/admin.html":"0b2b08eda2a03fdeed68610cdc896294cbae6f14e53f64a550ffa84f8deccf30","/dashboard/admin/users.html":"d08f65a87de8cc47a87b4dba34f2b51b279fed123ed773121531a5074b7e883f","/dashboard/admin/sorting.html":"493f4fdf67c25b85d24d5766b418bbae7dd7d5fafd06ad2e6a4a2b9d0f752460","/dashboard/admin/groups.html":"6a9b641046e64d3a53395550ce89ea0a896078d455d9a568a7e5cc784d642ede","/dashboard/admin/connections.html":"520dd219f536bbc9631daeee684a67fbd83ebe11716b30f466885ab90966b4ac","/dashboard/admin/audit.html":"5e9c2bbe59e6ba1125e099fa259cff0edf99a6452235b0f0e3d8ae0dc00ddf2b","/dashboard/admin/archive.html":"b4bcf0629158bb38843fd2703e7ace056ada348de118feb9342db4b836f17259","/_next/static/chunks/1255-de0c1abd22c7cccd.js":"7205ca56c3c7715a3e3db9157073b9808d1cc646b608280997c9ac236b9dc443","/_next/static/chunks/2170a4aa-5977631f2f4a4ccb.js":"e68896b1d5865bf3674b0cda795de28b26a254780035d3ff9b4bc6e915073ea5","/_next/static/chunks/2254-85119bf5ca802c21.js":"0bf52220f6428984e53f24bafdba97ced282e6f60622553f25159bd050398179"}}
[debug] [2026-04-09T17:26:08.184Z] <<< [apiv2][status] POST https://firebasehosting.googleapis.com/v1beta1/projects/618645486004/sites/confir-juvenil-nsps/versions/a2558e01873410a2:populateFiles 200
[debug] [2026-04-09T17:26:08.184Z] <<< [apiv2][body] POST https://firebasehosting.googleapis.com/v1beta1/projects/618645486004/sites/confir-juvenil-nsps/versions/a2558e01873410a2:populateFiles {"uploadRequiredHashes":["758d502b4ed7abc423aff2ca5427ccd2e946875976872808f98b35d6ea680ef4","dfbae92783ba0ebcdd70c634eb307a848bcc15c765786ec8085a7697c40ea6a9","30a6e3b8875bee9f74b0d8405e11ccbc121a078e195e74900d1dd305e340ee02","71739eabc39bc5390ba31331619f3c847b3a2e2119f578ab8cdaee5a01828eb3","d08f65a87de8cc47a87b4dba34f2b51b279fed123ed773121531a5074b7e883f","f90fd621e5df6143a10ad87bb69411a0634dd035b20d7f42346936c542628538","f2bbefc6d567718bf2dd2915e9d5e5884f73f1f4e0fdf9af0430e7c8fbe07e25","9a6716e251cf17ac69f0c09bfdc054bcf2277cfad28ee3bd5effa9741636d1de","cea1dcac0d674398648af00cbfc539aa12d3b1421cd09ff3a84cdea0a75a0bff","f1a935c4ff3e161021e8998fc482dd2a70acd726ca7135649fa647e935985488","6a9b641046e64d3a53395550ce89ea0a896078d455d9a568a7e5cc784d642ede","166454c1d6fd2cf9454ee3e6c3a1550b9a7ffb4a1205dd7b0019ed0d323c957d","ef49c296ad21eb8590c8f9312527118f4bbd1c5e2cdfea3471d479424e9e38e6","39fd9b9190daaccfea3576cf4b9de74708850644910c05d2832e22b4c19d0a26","4ccd380cb6b3e2b653548bfb77f791d8d5340f4154702d1c001700004e7132ea","ec32fdab0437e3b4cf71eb5e34a13ab6dff6d010299867cc8aa61b8f9aa48490","11c3cf713113ac592a8388afed8b28b5ea58b29c0ab1d26b863d1dc0cfd7e261","520dd219f536bbc9631daeee684a67fbd83ebe11716b30f466885ab90966b4ac","5e9c2bbe59e6ba1125e099fa259cff0edf99a6452235b0f0e3d8ae0dc00ddf2b","d7caee7a799bc1bc66750f3ec70e21f7de2eeaa93571607b329d8b955ab2b1bb","52f22a4c0253a35987facc4c4dfc62a7346c444762a6388fefee4a98d3c98bc5","b4bcf0629158bb38843fd2703e7ace056ada348de118feb9342db4b836f17259","7d5600cfe1a5ed1c25f2200e0fcbdfaee7b8f853dae9cad175b7f1b1bb4a78eb","0b2b08eda2a03fdeed68610cdc896294cbae6f14e53f64a550ffa84f8deccf30","493f4fdf67c25b85d24d5766b418bbae7dd7d5fafd06ad2e6a4a2b9d0f752460"],"uploadUrl":"https://upload-firebasehosting.googleapis.com/upload/sites/confir-juvenil-nsps/versions/a2558e01873410a2/files"}
[debug] [2026-04-09T17:26:08.185Z] Checked if tokens are valid: true, expires at: 1775758129005
[debug] [2026-04-09T17:26:08.185Z] Checked if tokens are valid: true, expires at: 1775758129005
[debug] [2026-04-09T17:26:08.186Z] Checked if tokens are valid: true, expires at: 1775758129005
[debug] [2026-04-09T17:26:08.186Z] Checked if tokens are valid: true, expires at: 1775758129005
[debug] [2026-04-09T17:26:08.186Z] Checked if tokens are valid: true, expires at: 1775758129005
[debug] [2026-04-09T17:26:08.186Z] Checked if tokens are valid: true, expires at: 1775758129005
[debug] [2026-04-09T17:26:08.187Z] Checked if tokens are valid: true, expires at: 1775758129005
[debug] [2026-04-09T17:26:08.187Z] Checked if tokens are valid: true, expires at: 1775758129005
[debug] [2026-04-09T17:26:08.187Z] Checked if tokens are valid: true, expires at: 1775758129005
[debug] [2026-04-09T17:26:08.187Z] Checked if tokens are valid: true, expires at: 1775758129005
[debug] [2026-04-09T17:26:08.188Z] Checked if tokens are valid: true, expires at: 1775758129005
[debug] [2026-04-09T17:26:08.188Z] Checked if tokens are valid: true, expires at: 1775758129005
[debug] [2026-04-09T17:26:08.188Z] Checked if tokens are valid: true, expires at: 1775758129005
[debug] [2026-04-09T17:26:08.188Z] Checked if tokens are valid: true, expires at: 1775758129005
[debug] [2026-04-09T17:26:08.188Z] Checked if tokens are valid: true, expires at: 1775758129005
[debug] [2026-04-09T17:26:08.188Z] Checked if tokens are valid: true, expires at: 1775758129005
[debug] [2026-04-09T17:26:08.189Z] Checked if tokens are valid: true, expires at: 1775758129005
[debug] [2026-04-09T17:26:08.189Z] Checked if tokens are valid: true, expires at: 1775758129005
[debug] [2026-04-09T17:26:08.189Z] Checked if tokens are valid: true, expires at: 1775758129005
[debug] [2026-04-09T17:26:08.189Z] Checked if tokens are valid: true, expires at: 1775758129005
[debug] [2026-04-09T17:26:08.190Z] Checked if tokens are valid: true, expires at: 1775758129005
[debug] [2026-04-09T17:26:08.190Z] Checked if tokens are valid: true, expires at: 1775758129005
[debug] [2026-04-09T17:26:08.190Z] Checked if tokens are valid: true, expires at: 1775758129005
[debug] [2026-04-09T17:26:08.190Z] Checked if tokens are valid: true, expires at: 1775758129005
[debug] [2026-04-09T17:26:08.191Z] Checked if tokens are valid: true, expires at: 1775758129005
[debug] [2026-04-09T17:26:08.191Z] Checked if tokens are valid: true, expires at: 1775758129005
[debug] [2026-04-09T17:26:08.192Z] Checked if tokens are valid: true, expires at: 1775758129005
[debug] [2026-04-09T17:26:08.192Z] Checked if tokens are valid: true, expires at: 1775758129005
[debug] [2026-04-09T17:26:08.192Z] Checked if tokens are valid: true, expires at: 1775758129005
[debug] [2026-04-09T17:26:08.193Z] Checked if tokens are valid: true, expires at: 1775758129005
[debug] [2026-04-09T17:26:08.193Z] Checked if tokens are valid: true, expires at: 1775758129005
[debug] [2026-04-09T17:26:08.193Z] Checked if tokens are valid: true, expires at: 1775758129005
[debug] [2026-04-09T17:26:08.193Z] Checked if tokens are valid: true, expires at: 1775758129005
[debug] [2026-04-09T17:26:08.193Z] Checked if tokens are valid: true, expires at: 1775758129005
[debug] [2026-04-09T17:26:08.194Z] Checked if tokens are valid: true, expires at: 1775758129005
[debug] [2026-04-09T17:26:08.194Z] Checked if tokens are valid: true, expires at: 1775758129005
[debug] [2026-04-09T17:26:08.194Z] Checked if tokens are valid: true, expires at: 1775758129005
[debug] [2026-04-09T17:26:08.194Z] Checked if tokens are valid: true, expires at: 1775758129005
[debug] [2026-04-09T17:26:08.194Z] Checked if tokens are valid: true, expires at: 1775758129005
[debug] [2026-04-09T17:26:08.194Z] Checked if tokens are valid: true, expires at: 1775758129005
[debug] [2026-04-09T17:26:08.194Z] Checked if tokens are valid: true, expires at: 1775758129005
[debug] [2026-04-09T17:26:08.195Z] Checked if tokens are valid: true, expires at: 1775758129005
[debug] [2026-04-09T17:26:08.195Z] Checked if tokens are valid: true, expires at: 1775758129005
[debug] [2026-04-09T17:26:08.195Z] Checked if tokens are valid: true, expires at: 1775758129005
[debug] [2026-04-09T17:26:08.195Z] Checked if tokens are valid: true, expires at: 1775758129005
[debug] [2026-04-09T17:26:08.195Z] Checked if tokens are valid: true, expires at: 1775758129005
[debug] [2026-04-09T17:26:08.196Z] Checked if tokens are valid: true, expires at: 1775758129005
[debug] [2026-04-09T17:26:08.196Z] Checked if tokens are valid: true, expires at: 1775758129005
[debug] [2026-04-09T17:26:08.198Z] Checked if tokens are valid: true, expires at: 1775758129005
[debug] [2026-04-09T17:26:08.198Z] Checked if tokens are valid: true, expires at: 1775758129005
[debug] [2026-04-09T17:26:08.198Z] >>> [apiv2][query] POST https://upload-firebasehosting.googleapis.com/upload/sites/confir-juvenil-nsps/versions/a2558e01873410a2/files/758d502b4ed7abc423aff2ca5427ccd2e946875976872808f98b35d6ea680ef4 [none]
[debug] [2026-04-09T17:26:08.199Z] >>> [apiv2][body] POST https://upload-firebasehosting.googleapis.com/upload/sites/confir-juvenil-nsps/versions/a2558e01873410a2/files/758d502b4ed7abc423aff2ca5427ccd2e946875976872808f98b35d6ea680ef4 [stream]
[debug] [2026-04-09T17:26:08.201Z] >>> [apiv2][query] POST https://upload-firebasehosting.googleapis.com/upload/sites/confir-juvenil-nsps/versions/a2558e01873410a2/files/dfbae92783ba0ebcdd70c634eb307a848bcc15c765786ec8085a7697c40ea6a9 [none]
[debug] [2026-04-09T17:26:08.201Z] >>> [apiv2][body] POST https://upload-firebasehosting.googleapis.com/upload/sites/confir-juvenil-nsps/versions/a2558e01873410a2/files/dfbae92783ba0ebcdd70c634eb307a848bcc15c765786ec8085a7697c40ea6a9 [stream]
[debug] [2026-04-09T17:26:08.202Z] >>> [apiv2][query] POST https://upload-firebasehosting.googleapis.com/upload/sites/confir-juvenil-nsps/versions/a2558e01873410a2/files/30a6e3b8875bee9f74b0d8405e11ccbc121a078e195e74900d1dd305e340ee02 [none]
[debug] [2026-04-09T17:26:08.202Z] >>> [apiv2][body] POST https://upload-firebasehosting.googleapis.com/upload/sites/confir-juvenil-nsps/versions/a2558e01873410a2/files/30a6e3b8875bee9f74b0d8405e11ccbc121a078e195e74900d1dd305e340ee02 [stream]
[debug] [2026-04-09T17:26:08.203Z] >>> [apiv2][query] POST https://upload-firebasehosting.googleapis.com/upload/sites/confir-juvenil-nsps/versions/a2558e01873410a2/files/71739eabc39bc5390ba31331619f3c847b3a2e2119f578ab8cdaee5a01828eb3 [none]
[debug] [2026-04-09T17:26:08.203Z] >>> [apiv2][body] POST https://upload-firebasehosting.googleapis.com/upload/sites/confir-juvenil-nsps/versions/a2558e01873410a2/files/71739eabc39bc5390ba31331619f3c847b3a2e2119f578ab8cdaee5a01828eb3 [stream]
[debug] [2026-04-09T17:26:08.204Z] >>> [apiv2][query] POST https://upload-firebasehosting.googleapis.com/upload/sites/confir-juvenil-nsps/versions/a2558e01873410a2/files/d08f65a87de8cc47a87b4dba34f2b51b279fed123ed773121531a5074b7e883f [none]
[debug] [2026-04-09T17:26:08.204Z] >>> [apiv2][body] POST https://upload-firebasehosting.googleapis.com/upload/sites/confir-juvenil-nsps/versions/a2558e01873410a2/files/d08f65a87de8cc47a87b4dba34f2b51b279fed123ed773121531a5074b7e883f [stream]
[debug] [2026-04-09T17:26:08.205Z] >>> [apiv2][query] POST https://upload-firebasehosting.googleapis.com/upload/sites/confir-juvenil-nsps/versions/a2558e01873410a2/files/f90fd621e5df6143a10ad87bb69411a0634dd035b20d7f42346936c542628538 [none]
[debug] [2026-04-09T17:26:08.205Z] >>> [apiv2][body] POST https://upload-firebasehosting.googleapis.com/upload/sites/confir-juvenil-nsps/versions/a2558e01873410a2/files/f90fd621e5df6143a10ad87bb69411a0634dd035b20d7f42346936c542628538 [stream]
[debug] [2026-04-09T17:26:08.206Z] >>> [apiv2][query] POST https://upload-firebasehosting.googleapis.com/upload/sites/confir-juvenil-nsps/versions/a2558e01873410a2/files/f2bbefc6d567718bf2dd2915e9d5e5884f73f1f4e0fdf9af0430e7c8fbe07e25 [none]
[debug] [2026-04-09T17:26:08.207Z] >>> [apiv2][body] POST https://upload-firebasehosting.googleapis.com/upload/sites/confir-juvenil-nsps/versions/a2558e01873410a2/files/f2bbefc6d567718bf2dd2915e9d5e5884f73f1f4e0fdf9af0430e7c8fbe07e25 [stream]
[debug] [2026-04-09T17:26:08.207Z] >>> [apiv2][query] POST https://upload-firebasehosting.googleapis.com/upload/sites/confir-juvenil-nsps/versions/a2558e01873410a2/files/9a6716e251cf17ac69f0c09bfdc054bcf2277cfad28ee3bd5effa9741636d1de [none]
[debug] [2026-04-09T17:26:08.207Z] >>> [apiv2][body] POST https://upload-firebasehosting.googleapis.com/upload/sites/confir-juvenil-nsps/versions/a2558e01873410a2/files/9a6716e251cf17ac69f0c09bfdc054bcf2277cfad28ee3bd5effa9741636d1de [stream]
[debug] [2026-04-09T17:26:08.208Z] >>> [apiv2][query] POST https://upload-firebasehosting.googleapis.com/upload/sites/confir-juvenil-nsps/versions/a2558e01873410a2/files/cea1dcac0d674398648af00cbfc539aa12d3b1421cd09ff3a84cdea0a75a0bff [none]
[debug] [2026-04-09T17:26:08.208Z] >>> [apiv2][body] POST https://upload-firebasehosting.googleapis.com/upload/sites/confir-juvenil-nsps/versions/a2558e01873410a2/files/cea1dcac0d674398648af00cbfc539aa12d3b1421cd09ff3a84cdea0a75a0bff [stream]
[debug] [2026-04-09T17:26:08.209Z] >>> [apiv2][query] POST https://upload-firebasehosting.googleapis.com/upload/sites/confir-juvenil-nsps/versions/a2558e01873410a2/files/f1a935c4ff3e161021e8998fc482dd2a70acd726ca7135649fa647e935985488 [none]
[debug] [2026-04-09T17:26:08.209Z] >>> [apiv2][body] POST https://upload-firebasehosting.googleapis.com/upload/sites/confir-juvenil-nsps/versions/a2558e01873410a2/files/f1a935c4ff3e161021e8998fc482dd2a70acd726ca7135649fa647e935985488 [stream]
[debug] [2026-04-09T17:26:08.210Z] >>> [apiv2][query] POST https://upload-firebasehosting.googleapis.com/upload/sites/confir-juvenil-nsps/versions/a2558e01873410a2/files/6a9b641046e64d3a53395550ce89ea0a896078d455d9a568a7e5cc784d642ede [none]
[debug] [2026-04-09T17:26:08.210Z] >>> [apiv2][body] POST https://upload-firebasehosting.googleapis.com/upload/sites/confir-juvenil-nsps/versions/a2558e01873410a2/files/6a9b641046e64d3a53395550ce89ea0a896078d455d9a568a7e5cc784d642ede [stream]
[debug] [2026-04-09T17:26:08.211Z] >>> [apiv2][query] POST https://upload-firebasehosting.googleapis.com/upload/sites/confir-juvenil-nsps/versions/a2558e01873410a2/files/166454c1d6fd2cf9454ee3e6c3a1550b9a7ffb4a1205dd7b0019ed0d323c957d [none]
[debug] [2026-04-09T17:26:08.211Z] >>> [apiv2][body] POST https://upload-firebasehosting.googleapis.com/upload/sites/confir-juvenil-nsps/versions/a2558e01873410a2/files/166454c1d6fd2cf9454ee3e6c3a1550b9a7ffb4a1205dd7b0019ed0d323c957d [stream]
[debug] [2026-04-09T17:26:08.212Z] >>> [apiv2][query] POST https://upload-firebasehosting.googleapis.com/upload/sites/confir-juvenil-nsps/versions/a2558e01873410a2/files/ef49c296ad21eb8590c8f9312527118f4bbd1c5e2cdfea3471d479424e9e38e6 [none]
[debug] [2026-04-09T17:26:08.212Z] >>> [apiv2][body] POST https://upload-firebasehosting.googleapis.com/upload/sites/confir-juvenil-nsps/versions/a2558e01873410a2/files/ef49c296ad21eb8590c8f9312527118f4bbd1c5e2cdfea3471d479424e9e38e6 [stream]
[debug] [2026-04-09T17:26:08.213Z] >>> [apiv2][query] POST https://upload-firebasehosting.googleapis.com/upload/sites/confir-juvenil-nsps/versions/a2558e01873410a2/files/39fd9b9190daaccfea3576cf4b9de74708850644910c05d2832e22b4c19d0a26 [none]
[debug] [2026-04-09T17:26:08.214Z] >>> [apiv2][body] POST https://upload-firebasehosting.googleapis.com/upload/sites/confir-juvenil-nsps/versions/a2558e01873410a2/files/39fd9b9190daaccfea3576cf4b9de74708850644910c05d2832e22b4c19d0a26 [stream]
[debug] [2026-04-09T17:26:08.215Z] >>> [apiv2][query] POST https://upload-firebasehosting.googleapis.com/upload/sites/confir-juvenil-nsps/versions/a2558e01873410a2/files/4ccd380cb6b3e2b653548bfb77f791d8d5340f4154702d1c001700004e7132ea [none]
[debug] [2026-04-09T17:26:08.215Z] >>> [apiv2][body] POST https://upload-firebasehosting.googleapis.com/upload/sites/confir-juvenil-nsps/versions/a2558e01873410a2/files/4ccd380cb6b3e2b653548bfb77f791d8d5340f4154702d1c001700004e7132ea [stream]
[debug] [2026-04-09T17:26:08.217Z] >>> [apiv2][query] POST https://upload-firebasehosting.googleapis.com/upload/sites/confir-juvenil-nsps/versions/a2558e01873410a2/files/ec32fdab0437e3b4cf71eb5e34a13ab6dff6d010299867cc8aa61b8f9aa48490 [none]
[debug] [2026-04-09T17:26:08.217Z] >>> [apiv2][body] POST https://upload-firebasehosting.googleapis.com/upload/sites/confir-juvenil-nsps/versions/a2558e01873410a2/files/ec32fdab0437e3b4cf71eb5e34a13ab6dff6d010299867cc8aa61b8f9aa48490 [stream]
[debug] [2026-04-09T17:26:08.218Z] >>> [apiv2][query] POST https://upload-firebasehosting.googleapis.com/upload/sites/confir-juvenil-nsps/versions/a2558e01873410a2/files/11c3cf713113ac592a8388afed8b28b5ea58b29c0ab1d26b863d1dc0cfd7e261 [none]
[debug] [2026-04-09T17:26:08.218Z] >>> [apiv2][body] POST https://upload-firebasehosting.googleapis.com/upload/sites/confir-juvenil-nsps/versions/a2558e01873410a2/files/11c3cf713113ac592a8388afed8b28b5ea58b29c0ab1d26b863d1dc0cfd7e261 [stream]
[debug] [2026-04-09T17:26:08.220Z] >>> [apiv2][query] POST https://upload-firebasehosting.googleapis.com/upload/sites/confir-juvenil-nsps/versions/a2558e01873410a2/files/520dd219f536bbc9631daeee684a67fbd83ebe11716b30f466885ab90966b4ac [none]
[debug] [2026-04-09T17:26:08.220Z] >>> [apiv2][body] POST https://upload-firebasehosting.googleapis.com/upload/sites/confir-juvenil-nsps/versions/a2558e01873410a2/files/520dd219f536bbc9631daeee684a67fbd83ebe11716b30f466885ab90966b4ac [stream]
[debug] [2026-04-09T17:26:08.221Z] >>> [apiv2][query] POST https://upload-firebasehosting.googleapis.com/upload/sites/confir-juvenil-nsps/versions/a2558e01873410a2/files/5e9c2bbe59e6ba1125e099fa259cff0edf99a6452235b0f0e3d8ae0dc00ddf2b [none]
[debug] [2026-04-09T17:26:08.221Z] >>> [apiv2][body] POST https://upload-firebasehosting.googleapis.com/upload/sites/confir-juvenil-nsps/versions/a2558e01873410a2/files/5e9c2bbe59e6ba1125e099fa259cff0edf99a6452235b0f0e3d8ae0dc00ddf2b [stream]
[debug] [2026-04-09T17:26:08.223Z] >>> [apiv2][query] POST https://upload-firebasehosting.googleapis.com/upload/sites/confir-juvenil-nsps/versions/a2558e01873410a2/files/d7caee7a799bc1bc66750f3ec70e21f7de2eeaa93571607b329d8b955ab2b1bb [none]
[debug] [2026-04-09T17:26:08.224Z] >>> [apiv2][body] POST https://upload-firebasehosting.googleapis.com/upload/sites/confir-juvenil-nsps/versions/a2558e01873410a2/files/d7caee7a799bc1bc66750f3ec70e21f7de2eeaa93571607b329d8b955ab2b1bb [stream]
[debug] [2026-04-09T17:26:08.225Z] >>> [apiv2][query] POST https://upload-firebasehosting.googleapis.com/upload/sites/confir-juvenil-nsps/versions/a2558e01873410a2/files/52f22a4c0253a35987facc4c4dfc62a7346c444762a6388fefee4a98d3c98bc5 [none]
[debug] [2026-04-09T17:26:08.225Z] >>> [apiv2][body] POST https://upload-firebasehosting.googleapis.com/upload/sites/confir-juvenil-nsps/versions/a2558e01873410a2/files/52f22a4c0253a35987facc4c4dfc62a7346c444762a6388fefee4a98d3c98bc5 [stream]
[debug] [2026-04-09T17:26:08.226Z] >>> [apiv2][query] POST https://upload-firebasehosting.googleapis.com/upload/sites/confir-juvenil-nsps/versions/a2558e01873410a2/files/b4bcf0629158bb38843fd2703e7ace056ada348de118feb9342db4b836f17259 [none]
[debug] [2026-04-09T17:26:08.226Z] >>> [apiv2][body] POST https://upload-firebasehosting.googleapis.com/upload/sites/confir-juvenil-nsps/versions/a2558e01873410a2/files/b4bcf0629158bb38843fd2703e7ace056ada348de118feb9342db4b836f17259 [stream]
[debug] [2026-04-09T17:26:08.227Z] >>> [apiv2][query] POST https://upload-firebasehosting.googleapis.com/upload/sites/confir-juvenil-nsps/versions/a2558e01873410a2/files/7d5600cfe1a5ed1c25f2200e0fcbdfaee7b8f853dae9cad175b7f1b1bb4a78eb [none]
[debug] [2026-04-09T17:26:08.228Z] >>> [apiv2][body] POST https://upload-firebasehosting.googleapis.com/upload/sites/confir-juvenil-nsps/versions/a2558e01873410a2/files/7d5600cfe1a5ed1c25f2200e0fcbdfaee7b8f853dae9cad175b7f1b1bb4a78eb [stream]
[debug] [2026-04-09T17:26:08.229Z] >>> [apiv2][query] POST https://upload-firebasehosting.googleapis.com/upload/sites/confir-juvenil-nsps/versions/a2558e01873410a2/files/0b2b08eda2a03fdeed68610cdc896294cbae6f14e53f64a550ffa84f8deccf30 [none]
[debug] [2026-04-09T17:26:08.229Z] >>> [apiv2][body] POST https://upload-firebasehosting.googleapis.com/upload/sites/confir-juvenil-nsps/versions/a2558e01873410a2/files/0b2b08eda2a03fdeed68610cdc896294cbae6f14e53f64a550ffa84f8deccf30 [stream]
[debug] [2026-04-09T17:26:08.230Z] >>> [apiv2][query] POST https://upload-firebasehosting.googleapis.com/upload/sites/confir-juvenil-nsps/versions/a2558e01873410a2/files/493f4fdf67c25b85d24d5766b418bbae7dd7d5fafd06ad2e6a4a2b9d0f752460 [none]
[debug] [2026-04-09T17:26:08.231Z] >>> [apiv2][body] POST https://upload-firebasehosting.googleapis.com/upload/sites/confir-juvenil-nsps/versions/a2558e01873410a2/files/493f4fdf67c25b85d24d5766b418bbae7dd7d5fafd06ad2e6a4a2b9d0f752460 [stream]
[debug] [2026-04-09T17:26:08.232Z] [hosting][populate queue][FINAL] {"max":1517,"min":1517,"avg":1517,"active":0,"complete":1,"success":1,"errored":0,"retried":0,"total":1,"elapsed":1551}
[debug] [2026-04-09T17:26:08.232Z] [hosting] uploads queued: 25
[debug] [2026-04-09T17:26:09.617Z] <<< [apiv2][status] POST https://upload-firebasehosting.googleapis.com/upload/sites/confir-juvenil-nsps/versions/a2558e01873410a2/files/71739eabc39bc5390ba31331619f3c847b3a2e2119f578ab8cdaee5a01828eb3 200
[debug] [2026-04-09T17:26:09.617Z] <<< [apiv2][body] POST https://upload-firebasehosting.googleapis.com/upload/sites/confir-juvenil-nsps/versions/a2558e01873410a2/files/71739eabc39bc5390ba31331619f3c847b3a2e2119f578ab8cdaee5a01828eb3 [stream]
[debug] [2026-04-09T17:26:09.640Z] <<< [apiv2][status] POST https://upload-firebasehosting.googleapis.com/upload/sites/confir-juvenil-nsps/versions/a2558e01873410a2/files/166454c1d6fd2cf9454ee3e6c3a1550b9a7ffb4a1205dd7b0019ed0d323c957d 200
[debug] [2026-04-09T17:26:09.640Z] <<< [apiv2][body] POST https://upload-firebasehosting.googleapis.com/upload/sites/confir-juvenil-nsps/versions/a2558e01873410a2/files/166454c1d6fd2cf9454ee3e6c3a1550b9a7ffb4a1205dd7b0019ed0d323c957d [stream]
[debug] [2026-04-09T17:26:09.650Z] <<< [apiv2][status] POST https://upload-firebasehosting.googleapis.com/upload/sites/confir-juvenil-nsps/versions/a2558e01873410a2/files/30a6e3b8875bee9f74b0d8405e11ccbc121a078e195e74900d1dd305e340ee02 200
[debug] [2026-04-09T17:26:09.650Z] <<< [apiv2][body] POST https://upload-firebasehosting.googleapis.com/upload/sites/confir-juvenil-nsps/versions/a2558e01873410a2/files/30a6e3b8875bee9f74b0d8405e11ccbc121a078e195e74900d1dd305e340ee02 [stream]
[debug] [2026-04-09T17:26:09.657Z] <<< [apiv2][status] POST https://upload-firebasehosting.googleapis.com/upload/sites/confir-juvenil-nsps/versions/a2558e01873410a2/files/6a9b641046e64d3a53395550ce89ea0a896078d455d9a568a7e5cc784d642ede 200
[debug] [2026-04-09T17:26:09.658Z] <<< [apiv2][body] POST https://upload-firebasehosting.googleapis.com/upload/sites/confir-juvenil-nsps/versions/a2558e01873410a2/files/6a9b641046e64d3a53395550ce89ea0a896078d455d9a568a7e5cc784d642ede [stream]
[debug] [2026-04-09T17:26:09.660Z] <<< [apiv2][status] POST https://upload-firebasehosting.googleapis.com/upload/sites/confir-juvenil-nsps/versions/a2558e01873410a2/files/39fd9b9190daaccfea3576cf4b9de74708850644910c05d2832e22b4c19d0a26 200
[debug] [2026-04-09T17:26:09.660Z] <<< [apiv2][body] POST https://upload-firebasehosting.googleapis.com/upload/sites/confir-juvenil-nsps/versions/a2558e01873410a2/files/39fd9b9190daaccfea3576cf4b9de74708850644910c05d2832e22b4c19d0a26 [stream]
[debug] [2026-04-09T17:26:09.662Z] <<< [apiv2][status] POST https://upload-firebasehosting.googleapis.com/upload/sites/confir-juvenil-nsps/versions/a2558e01873410a2/files/11c3cf713113ac592a8388afed8b28b5ea58b29c0ab1d26b863d1dc0cfd7e261 200
[debug] [2026-04-09T17:26:09.663Z] <<< [apiv2][body] POST https://upload-firebasehosting.googleapis.com/upload/sites/confir-juvenil-nsps/versions/a2558e01873410a2/files/11c3cf713113ac592a8388afed8b28b5ea58b29c0ab1d26b863d1dc0cfd7e261 [stream]
[debug] [2026-04-09T17:26:09.675Z] <<< [apiv2][status] POST https://upload-firebasehosting.googleapis.com/upload/sites/confir-juvenil-nsps/versions/a2558e01873410a2/files/d7caee7a799bc1bc66750f3ec70e21f7de2eeaa93571607b329d8b955ab2b1bb 200
[debug] [2026-04-09T17:26:09.675Z] <<< [apiv2][body] POST https://upload-firebasehosting.googleapis.com/upload/sites/confir-juvenil-nsps/versions/a2558e01873410a2/files/d7caee7a799bc1bc66750f3ec70e21f7de2eeaa93571607b329d8b955ab2b1bb [stream]
[debug] [2026-04-09T17:26:09.678Z] <<< [apiv2][status] POST https://upload-firebasehosting.googleapis.com/upload/sites/confir-juvenil-nsps/versions/a2558e01873410a2/files/7d5600cfe1a5ed1c25f2200e0fcbdfaee7b8f853dae9cad175b7f1b1bb4a78eb 200
[debug] [2026-04-09T17:26:09.678Z] <<< [apiv2][body] POST https://upload-firebasehosting.googleapis.com/upload/sites/confir-juvenil-nsps/versions/a2558e01873410a2/files/7d5600cfe1a5ed1c25f2200e0fcbdfaee7b8f853dae9cad175b7f1b1bb4a78eb [stream]
[debug] [2026-04-09T17:26:09.702Z] <<< [apiv2][status] POST https://upload-firebasehosting.googleapis.com/upload/sites/confir-juvenil-nsps/versions/a2558e01873410a2/files/52f22a4c0253a35987facc4c4dfc62a7346c444762a6388fefee4a98d3c98bc5 200
[debug] [2026-04-09T17:26:09.702Z] <<< [apiv2][body] POST https://upload-firebasehosting.googleapis.com/upload/sites/confir-juvenil-nsps/versions/a2558e01873410a2/files/52f22a4c0253a35987facc4c4dfc62a7346c444762a6388fefee4a98d3c98bc5 [stream]
[debug] [2026-04-09T17:26:09.707Z] <<< [apiv2][status] POST https://upload-firebasehosting.googleapis.com/upload/sites/confir-juvenil-nsps/versions/a2558e01873410a2/files/cea1dcac0d674398648af00cbfc539aa12d3b1421cd09ff3a84cdea0a75a0bff 200
[debug] [2026-04-09T17:26:09.707Z] <<< [apiv2][body] POST https://upload-firebasehosting.googleapis.com/upload/sites/confir-juvenil-nsps/versions/a2558e01873410a2/files/cea1dcac0d674398648af00cbfc539aa12d3b1421cd09ff3a84cdea0a75a0bff [stream]
[debug] [2026-04-09T17:26:09.711Z] <<< [apiv2][status] POST https://upload-firebasehosting.googleapis.com/upload/sites/confir-juvenil-nsps/versions/a2558e01873410a2/files/f2bbefc6d567718bf2dd2915e9d5e5884f73f1f4e0fdf9af0430e7c8fbe07e25 200
[debug] [2026-04-09T17:26:09.711Z] <<< [apiv2][body] POST https://upload-firebasehosting.googleapis.com/upload/sites/confir-juvenil-nsps/versions/a2558e01873410a2/files/f2bbefc6d567718bf2dd2915e9d5e5884f73f1f4e0fdf9af0430e7c8fbe07e25 [stream]
[debug] [2026-04-09T17:26:09.716Z] <<< [apiv2][status] POST https://upload-firebasehosting.googleapis.com/upload/sites/confir-juvenil-nsps/versions/a2558e01873410a2/files/ec32fdab0437e3b4cf71eb5e34a13ab6dff6d010299867cc8aa61b8f9aa48490 200
[debug] [2026-04-09T17:26:09.717Z] <<< [apiv2][body] POST https://upload-firebasehosting.googleapis.com/upload/sites/confir-juvenil-nsps/versions/a2558e01873410a2/files/ec32fdab0437e3b4cf71eb5e34a13ab6dff6d010299867cc8aa61b8f9aa48490 [stream]
[debug] [2026-04-09T17:26:09.718Z] <<< [apiv2][status] POST https://upload-firebasehosting.googleapis.com/upload/sites/confir-juvenil-nsps/versions/a2558e01873410a2/files/b4bcf0629158bb38843fd2703e7ace056ada348de118feb9342db4b836f17259 200
[debug] [2026-04-09T17:26:09.718Z] <<< [apiv2][body] POST https://upload-firebasehosting.googleapis.com/upload/sites/confir-juvenil-nsps/versions/a2558e01873410a2/files/b4bcf0629158bb38843fd2703e7ace056ada348de118feb9342db4b836f17259 [stream]
[debug] [2026-04-09T17:26:09.736Z] <<< [apiv2][status] POST https://upload-firebasehosting.googleapis.com/upload/sites/confir-juvenil-nsps/versions/a2558e01873410a2/files/5e9c2bbe59e6ba1125e099fa259cff0edf99a6452235b0f0e3d8ae0dc00ddf2b 200
[debug] [2026-04-09T17:26:09.736Z] <<< [apiv2][body] POST https://upload-firebasehosting.googleapis.com/upload/sites/confir-juvenil-nsps/versions/a2558e01873410a2/files/5e9c2bbe59e6ba1125e099fa259cff0edf99a6452235b0f0e3d8ae0dc00ddf2b [stream]
[debug] [2026-04-09T17:26:09.765Z] <<< [apiv2][status] POST https://upload-firebasehosting.googleapis.com/upload/sites/confir-juvenil-nsps/versions/a2558e01873410a2/files/9a6716e251cf17ac69f0c09bfdc054bcf2277cfad28ee3bd5effa9741636d1de 200
[debug] [2026-04-09T17:26:09.766Z] <<< [apiv2][body] POST https://upload-firebasehosting.googleapis.com/upload/sites/confir-juvenil-nsps/versions/a2558e01873410a2/files/9a6716e251cf17ac69f0c09bfdc054bcf2277cfad28ee3bd5effa9741636d1de [stream]
[debug] [2026-04-09T17:26:09.787Z] <<< [apiv2][status] POST https://upload-firebasehosting.googleapis.com/upload/sites/confir-juvenil-nsps/versions/a2558e01873410a2/files/d08f65a87de8cc47a87b4dba34f2b51b279fed123ed773121531a5074b7e883f 200
[debug] [2026-04-09T17:26:09.787Z] <<< [apiv2][body] POST https://upload-firebasehosting.googleapis.com/upload/sites/confir-juvenil-nsps/versions/a2558e01873410a2/files/d08f65a87de8cc47a87b4dba34f2b51b279fed123ed773121531a5074b7e883f [stream]
[debug] [2026-04-09T17:26:09.794Z] <<< [apiv2][status] POST https://upload-firebasehosting.googleapis.com/upload/sites/confir-juvenil-nsps/versions/a2558e01873410a2/files/ef49c296ad21eb8590c8f9312527118f4bbd1c5e2cdfea3471d479424e9e38e6 200
[debug] [2026-04-09T17:26:09.794Z] <<< [apiv2][body] POST https://upload-firebasehosting.googleapis.com/upload/sites/confir-juvenil-nsps/versions/a2558e01873410a2/files/ef49c296ad21eb8590c8f9312527118f4bbd1c5e2cdfea3471d479424e9e38e6 [stream]
[debug] [2026-04-09T17:26:09.808Z] <<< [apiv2][status] POST https://upload-firebasehosting.googleapis.com/upload/sites/confir-juvenil-nsps/versions/a2558e01873410a2/files/758d502b4ed7abc423aff2ca5427ccd2e946875976872808f98b35d6ea680ef4 200
[debug] [2026-04-09T17:26:09.808Z] <<< [apiv2][body] POST https://upload-firebasehosting.googleapis.com/upload/sites/confir-juvenil-nsps/versions/a2558e01873410a2/files/758d502b4ed7abc423aff2ca5427ccd2e946875976872808f98b35d6ea680ef4 [stream]
[debug] [2026-04-09T17:26:09.818Z] <<< [apiv2][status] POST https://upload-firebasehosting.googleapis.com/upload/sites/confir-juvenil-nsps/versions/a2558e01873410a2/files/f90fd621e5df6143a10ad87bb69411a0634dd035b20d7f42346936c542628538 200
[debug] [2026-04-09T17:26:09.818Z] <<< [apiv2][body] POST https://upload-firebasehosting.googleapis.com/upload/sites/confir-juvenil-nsps/versions/a2558e01873410a2/files/f90fd621e5df6143a10ad87bb69411a0634dd035b20d7f42346936c542628538 [stream]
[debug] [2026-04-09T17:26:09.829Z] <<< [apiv2][status] POST https://upload-firebasehosting.googleapis.com/upload/sites/confir-juvenil-nsps/versions/a2558e01873410a2/files/0b2b08eda2a03fdeed68610cdc896294cbae6f14e53f64a550ffa84f8deccf30 200
[debug] [2026-04-09T17:26:09.829Z] <<< [apiv2][body] POST https://upload-firebasehosting.googleapis.com/upload/sites/confir-juvenil-nsps/versions/a2558e01873410a2/files/0b2b08eda2a03fdeed68610cdc896294cbae6f14e53f64a550ffa84f8deccf30 [stream]
[debug] [2026-04-09T17:26:09.852Z] <<< [apiv2][status] POST https://upload-firebasehosting.googleapis.com/upload/sites/confir-juvenil-nsps/versions/a2558e01873410a2/files/520dd219f536bbc9631daeee684a67fbd83ebe11716b30f466885ab90966b4ac 200
[debug] [2026-04-09T17:26:09.852Z] <<< [apiv2][body] POST https://upload-firebasehosting.googleapis.com/upload/sites/confir-juvenil-nsps/versions/a2558e01873410a2/files/520dd219f536bbc9631daeee684a67fbd83ebe11716b30f466885ab90966b4ac [stream]
[debug] [2026-04-09T17:26:09.854Z] <<< [apiv2][status] POST https://upload-firebasehosting.googleapis.com/upload/sites/confir-juvenil-nsps/versions/a2558e01873410a2/files/493f4fdf67c25b85d24d5766b418bbae7dd7d5fafd06ad2e6a4a2b9d0f752460 200
[debug] [2026-04-09T17:26:09.855Z] <<< [apiv2][body] POST https://upload-firebasehosting.googleapis.com/upload/sites/confir-juvenil-nsps/versions/a2558e01873410a2/files/493f4fdf67c25b85d24d5766b418bbae7dd7d5fafd06ad2e6a4a2b9d0f752460 [stream]
[debug] [2026-04-09T17:26:09.861Z] <<< [apiv2][status] POST https://upload-firebasehosting.googleapis.com/upload/sites/confir-juvenil-nsps/versions/a2558e01873410a2/files/f1a935c4ff3e161021e8998fc482dd2a70acd726ca7135649fa647e935985488 200
[debug] [2026-04-09T17:26:09.861Z] <<< [apiv2][body] POST https://upload-firebasehosting.googleapis.com/upload/sites/confir-juvenil-nsps/versions/a2558e01873410a2/files/f1a935c4ff3e161021e8998fc482dd2a70acd726ca7135649fa647e935985488 [stream]
[debug] [2026-04-09T17:26:09.876Z] <<< [apiv2][status] POST https://upload-firebasehosting.googleapis.com/upload/sites/confir-juvenil-nsps/versions/a2558e01873410a2/files/4ccd380cb6b3e2b653548bfb77f791d8d5340f4154702d1c001700004e7132ea 200
[debug] [2026-04-09T17:26:09.876Z] <<< [apiv2][body] POST https://upload-firebasehosting.googleapis.com/upload/sites/confir-juvenil-nsps/versions/a2558e01873410a2/files/4ccd380cb6b3e2b653548bfb77f791d8d5340f4154702d1c001700004e7132ea [stream]
[debug] [2026-04-09T17:26:09.877Z] <<< [apiv2][status] POST https://upload-firebasehosting.googleapis.com/upload/sites/confir-juvenil-nsps/versions/a2558e01873410a2/files/dfbae92783ba0ebcdd70c634eb307a848bcc15c765786ec8085a7697c40ea6a9 200
[debug] [2026-04-09T17:26:09.877Z] <<< [apiv2][body] POST https://upload-firebasehosting.googleapis.com/upload/sites/confir-juvenil-nsps/versions/a2558e01873410a2/files/dfbae92783ba0ebcdd70c634eb307a848bcc15c765786ec8085a7697c40ea6a9 [stream]
[debug] [2026-04-09T17:26:09.877Z] [hosting][upload queue][FINAL] {"max":1692,"min":1431,"avg":1555.76,"active":0,"complete":25,"success":25,"errored":0,"retried":0,"total":25,"elapsed":1693}
[info] +  hosting[confir-juvenil-nsps]: file upload complete 
[debug] [2026-04-09T17:26:09.879Z] [hosting] deploy completed after 3635ms
[info] i  functions: updating Node.js 24 (2nd Gen) function firebase-frameworks-confir-juvenil-nsps:ssrconfirjuvenilnsps(us-central1)... 
[debug] [2026-04-09T17:26:09.892Z] Checked if tokens are valid: true, expires at: 1775758129005
[debug] [2026-04-09T17:26:09.892Z] Checked if tokens are valid: true, expires at: 1775758129005
[debug] [2026-04-09T17:26:09.893Z] >>> [apiv2][query] PATCH https://cloudfunctions.googleapis.com/v2/projects/studio-8931863599-6d45c/locations/us-central1/functions/ssrconfirjuvenilnsps updateMask=name%2CbuildConfig.runtime%2CbuildConfig.entryPoint%2CbuildConfig.source.storageSource.bucket%2CbuildConfig.source.storageSource.object%2CbuildConfig.environmentVariables%2CbuildConfig.sourceToken%2CserviceConfig.environmentVariables%2CserviceConfig.ingressSettings%2CserviceConfig.timeoutSeconds%2CserviceConfig.serviceAccountEmail%2CserviceConfig.availableMemory%2CserviceConfig.minInstanceCount%2CserviceConfig.maxInstanceCount%2CserviceConfig.maxInstanceRequestConcurrency%2CserviceConfig.availableCpu%2CserviceConfig.vpcConnector%2CserviceConfig.vpcConnectorEgressSettings%2CserviceConfig.directVpcNetworkInterface%2CserviceConfig.directVpcEgress%2Clabels
[debug] [2026-04-09T17:26:09.893Z] >>> [apiv2][body] PATCH https://cloudfunctions.googleapis.com/v2/projects/studio-8931863599-6d45c/locations/us-central1/functions/ssrconfirjuvenilnsps {"name":"projects/studio-8931863599-6d45c/locations/us-central1/functions/ssrconfirjuvenilnsps","buildConfig":{"runtime":"nodejs24","entryPoint":"ssrconfirjuvenilnsps","source":{"storageSource":{"bucket":"gcf-v2-uploads-618645486004.us-central1.cloudfunctions.appspot.com","object":"1f800fa0-3ace-4aea-aac2-c6b722cb245f.zip"}},"environmentVariables":{"GOOGLE_NODE_RUN_SCRIPTS":""}},"serviceConfig":{"environmentVariables":{"VERCEL_URL":"studio-8931863599-6d45c.web.app","__FIREBASE_FRAMEWORKS_ENTRY__":"next.js","__FIREBASE_DEFAULTS__":"{\"config\":{\"projectId\":\"studio-8931863599-6d45c\",\"appId\":\"1:618645486004:web:199dbf50db4987171e1ae1\",\"storageBucket\":\"studio-8931863599-6d45c.firebasestorage.app\",\"apiKey\":\"AIzaSyAEWzl6-aPy1mpPHRJOFaQh_0Dw2VHd-Fk\",\"authDomain\":\"studio-8931863599-6d45c.firebaseapp.com\",\"messagingSenderId\":\"618645486004\",\"measurementId\":\"G-1W8E3KJK4B\",\"projectNumber\":\"618645486004\",\"version\":\"2\"},\"_authTokenSyncURL\":\"/__session\"}","FIREBASE_CONFIG":"{\"projectId\":\"studio-8931863599-6d45c\",\"storageBucket\":\"studio-8931863599-6d45c.firebasestorage.app\"}","GCLOUD_PROJECT":"studio-8931863599-6d45c","EVENTARC_CLOUD_EVENT_SOURCE":"projects/studio-8931863599-6d45c/locations/us-central1/services/ssrconfirjuvenilnsps","FUNCTION_TARGET":"ssrconfirjuvenilnsps","LOG_EXECUTION_ID":"true"},"ingressSettings":null,"timeoutSeconds":null,"serviceAccountEmail":null,"availableMemory":"256Mi","minInstanceCount":null,"maxInstanceCount":null,"maxInstanceRequestConcurrency":80,"availableCpu":"1","vpcConnector":null,"vpcConnectorEgressSettings":null,"directVpcNetworkInterface":null,"directVpcEgress":null},"labels":{"deployment-tool":"cli-firebase","firebase-functions-codebase":"firebase-frameworks-confir-juvenil-nsps","firebase-functions-hash":"d5b356c74f680c325399e2d29165f41cd97caef8"}}
[debug] [2026-04-09T17:26:11.987Z] <<< [apiv2][status] PATCH https://cloudfunctions.googleapis.com/v2/projects/studio-8931863599-6d45c/locations/us-central1/functions/ssrconfirjuvenilnsps 200
[debug] [2026-04-09T17:26:11.987Z] <<< [apiv2][body] PATCH https://cloudfunctions.googleapis.com/v2/projects/studio-8931863599-6d45c/locations/us-central1/functions/ssrconfirjuvenilnsps {"name":"projects/studio-8931863599-6d45c/locations/us-central1/operations/operation-1775752198208-64f0986fbba95-7a965317-cd2dbd5c","metadata":{"@type":"type.googleapis.com/google.cloud.functions.v2.OperationMetadata","createTime":"2026-04-09T16:29:59.182786233Z","target":"projects/studio-8931863599-6d45c/locations/us-central1/functions/ssrconfirjuvenilnsps","verb":"update","cancelRequested":false,"apiVersion":"v2"},"done":false}
[debug] [2026-04-09T17:26:11.987Z] Checked if tokens are valid: true, expires at: 1775758129005
[debug] [2026-04-09T17:26:11.988Z] Checked if tokens are valid: true, expires at: 1775758129005
[debug] [2026-04-09T17:26:11.988Z] >>> [apiv2][query] GET https://cloudfunctions.googleapis.com/v2/projects/studio-8931863599-6d45c/locations/us-central1/operations/operation-1775752198208-64f0986fbba95-7a965317-cd2dbd5c [none]
[debug] [2026-04-09T17:26:12.963Z] <<< [apiv2][status] GET https://cloudfunctions.googleapis.com/v2/projects/studio-8931863599-6d45c/locations/us-central1/operations/operation-1775752198208-64f0986fbba95-7a965317-cd2dbd5c 200
[debug] [2026-04-09T17:26:12.963Z] <<< [apiv2][body] GET https://cloudfunctions.googleapis.com/v2/projects/studio-8931863599-6d45c/locations/us-central1/operations/operation-1775752198208-64f0986fbba95-7a965317-cd2dbd5c {"name":"projects/studio-8931863599-6d45c/locations/us-central1/operations/operation-1775752198208-64f0986fbba95-7a965317-cd2dbd5c","metadata":{"@type":"type.googleapis.com/google.cloud.functions.v2.OperationMetadata","createTime":"2026-04-09T16:29:59.182786233Z","target":"projects/studio-8931863599-6d45c/locations/us-central1/functions/ssrconfirjuvenilnsps","verb":"update","cancelRequested":false,"apiVersion":"v2","requestResource":{"@type":"type.googleapis.com/google.cloud.functions.v2.Function","name":"projects/studio-8931863599-6d45c/locations/us-central1/functions/ssrconfirjuvenilnsps","buildConfig":{"runtime":"nodejs24","entryPoint":"ssrconfirjuvenilnsps","source":{"storageSource":{"bucket":"gcf-v2-sources-618645486004-us-central1","object":"ssrconfirjuvenilnsps/function-source.zip","generation":"1775752199121124"}},"environmentVariables":{"GOOGLE_NODE_RUN_SCRIPTS":""},"dockerRepository":"projects/studio-8931863599-6d45c/locations/us-central1/repositories/gcf-artifacts","sourceProvenance":{"resolvedStorageSource":{"bucket":"gcf-v2-sources-618645486004-us-central1","object":"ssrconfirjuvenilnsps/function-source.zip","generation":"1775751482271435"}},"dockerRegistry":"ARTIFACT_REGISTRY","serviceAccount":"projects/studio-8931863599-6d45c/serviceAccounts/618645486004-compute@developer.gserviceaccount.com","automaticUpdatePolicy":{}},"serviceConfig":{"service":"projects/studio-8931863599-6d45c/locations/us-central1/services/ssrconfirjuvenilnsps","timeoutSeconds":60,"environmentVariables":{"VERCEL_URL":"studio-8931863599-6d45c.web.app","__FIREBASE_FRAMEWORKS_ENTRY__":"next.js","__FIREBASE_DEFAULTS__":"{\"config\":{\"projectId\":\"studio-8931863599-6d45c\",\"appId\":\"1:618645486004:web:199dbf50db4987171e1ae1\",\"storageBucket\":\"studio-8931863599-6d45c.firebasestorage.app\",\"apiKey\":\"AIzaSyAEWzl6-aPy1mpPHRJOFaQh_0Dw2VHd-Fk\",\"authDomain\":\"studio-8931863599-6d45c.firebaseapp.com\",\"messagingSenderId\":\"618645486004\",\"measurementId\":\"G-1W8E3KJK4B\",\"projectNumber\":\"618645486004\",\"version\":\"2\"},\"_authTokenSyncURL\":\"/__session\"}","FIREBASE_CONFIG":"{\"projectId\":\"studio-8931863599-6d45c\",\"storageBucket\":\"studio-8931863599-6d45c.firebasestorage.app\"}","GCLOUD_PROJECT":"studio-8931863599-6d45c","EVENTARC_CLOUD_EVENT_SOURCE":"projects/studio-8931863599-6d45c/locations/us-central1/services/ssrconfirjuvenilnsps","FUNCTION_TARGET":"ssrconfirjuvenilnsps","LOG_EXECUTION_ID":"true"},"ingressSettings":"ALLOW_ALL","uri":"https://ssrconfirjuvenilnsps-dwigkcf66a-uc.a.run.app","serviceAccountEmail":"618645486004-compute@developer.gserviceaccount.com","availableMemory":"256Mi","allTrafficOnLatestRevision":true,"revision":"ssrconfirjuvenilnsps-00010-qaz","maxInstanceRequestConcurrency":80,"availableCpu":"1"},"state":"ACTIVE","labels":{"deployment-tool":"cli-firebase","firebase-functions-codebase":"firebase-frameworks-confir-juvenil-nsps","firebase-functions-hash":"d5b356c74f680c325399e2d29165f41cd97caef8"},"environment":"GEN_2","url":"https://us-central1-studio-8931863599-6d45c.cloudfunctions.net/ssrconfirjuvenilnsps","satisfiesPzi":true},"stages":[{"name":"BUILD","message":"Creating build","state":"IN_PROGRESS","resource":"projects/618645486004/locations/us-central1/builds/42037e36-183e-4446-850b-1f57f8aa63f1","resourceUri":"https://console.cloud.google.com/cloud-build/builds;region=us-central1/42037e36-183e-4446-850b-1f57f8aa63f1?project=618645486004"},{"name":"SERVICE","state":"NOT_STARTED"}],"operationType":"UPDATE_FUNCTION","buildName":"projects/618645486004/locations/us-central1/builds/42037e36-183e-4446-850b-1f57f8aa63f1"},"done":false}
[debug] [2026-04-09T17:26:13.470Z] [update-firebase-frameworks-confir-juvenil-nsps-us-central1-ssrconfirjuvenilnsps] Retrying task index 0
[debug] [2026-04-09T17:26:13.470Z] Checked if tokens are valid: true, expires at: 1775758129005
[debug] [2026-04-09T17:26:13.470Z] Checked if tokens are valid: true, expires at: 1775758129005
[debug] [2026-04-09T17:26:13.470Z] >>> [apiv2][query] GET https://cloudfunctions.googleapis.com/v2/projects/studio-8931863599-6d45c/locations/us-central1/operations/operation-1775752198208-64f0986fbba95-7a965317-cd2dbd5c [none]
[debug] [2026-04-09T17:26:14.533Z] <<< [apiv2][status] GET https://cloudfunctions.googleapis.com/v2/projects/studio-8931863599-6d45c/locations/us-central1/operations/operation-1775752198208-64f0986fbba95-7a965317-cd2dbd5c 200
[debug] [2026-04-09T17:26:14.534Z] <<< [apiv2][body] GET https://cloudfunctions.googleapis.com/v2/projects/studio-8931863599-6d45c/locations/us-central1/operations/operation-1775752198208-64f0986fbba95-7a965317-cd2dbd5c {"name":"projects/studio-8931863599-6d45c/locations/us-central1/operations/operation-1775752198208-64f0986fbba95-7a965317-cd2dbd5c","metadata":{"@type":"type.googleapis.com/google.cloud.functions.v2.OperationMetadata","createTime":"2026-04-09T16:29:59.182786233Z","target":"projects/studio-8931863599-6d45c/locations/us-central1/functions/ssrconfirjuvenilnsps","verb":"update","cancelRequested":false,"apiVersion":"v2","requestResource":{"@type":"type.googleapis.com/google.cloud.functions.v2.Function","name":"projects/studio-8931863599-6d45c/locations/us-central1/functions/ssrconfirjuvenilnsps","buildConfig":{"runtime":"nodejs24","entryPoint":"ssrconfirjuvenilnsps","source":{"storageSource":{"bucket":"gcf-v2-sources-618645486004-us-central1","object":"ssrconfirjuvenilnsps/function-source.zip","generation":"1775752199121124"}},"environmentVariables":{"GOOGLE_NODE_RUN_SCRIPTS":""},"dockerRepository":"projects/studio-8931863599-6d45c/locations/us-central1/repositories/gcf-artifacts","sourceProvenance":{"resolvedStorageSource":{"bucket":"gcf-v2-sources-618645486004-us-central1","object":"ssrconfirjuvenilnsps/function-source.zip","generation":"1775751482271435"}},"dockerRegistry":"ARTIFACT_REGISTRY","serviceAccount":"projects/studio-8931863599-6d45c/serviceAccounts/618645486004-compute@developer.gserviceaccount.com","automaticUpdatePolicy":{}},"serviceConfig":{"service":"projects/studio-8931863599-6d45c/locations/us-central1/services/ssrconfirjuvenilnsps","timeoutSeconds":60,"environmentVariables":{"VERCEL_URL":"studio-8931863599-6d45c.web.app","__FIREBASE_FRAMEWORKS_ENTRY__":"next.js","__FIREBASE_DEFAULTS__":"{\"config\":{\"projectId\":\"studio-8931863599-6d45c\",\"appId\":\"1:618645486004:web:199dbf50db4987171e1ae1\",\"storageBucket\":\"studio-8931863599-6d45c.firebasestorage.app\",\"apiKey\":\"AIzaSyAEWzl6-aPy1mpPHRJOFaQh_0Dw2VHd-Fk\",\"authDomain\":\"studio-8931863599-6d45c.firebaseapp.com\",\"messagingSenderId\":\"618645486004\",\"measurementId\":\"G-1W8E3KJK4B\",\"projectNumber\":\"618645486004\",\"version\":\"2\"},\"_authTokenSyncURL\":\"/__session\"}","FIREBASE_CONFIG":"{\"projectId\":\"studio-8931863599-6d45c\",\"storageBucket\":\"studio-8931863599-6d45c.firebasestorage.app\"}","GCLOUD_PROJECT":"studio-8931863599-6d45c","EVENTARC_CLOUD_EVENT_SOURCE":"projects/studio-8931863599-6d45c/locations/us-central1/services/ssrconfirjuvenilnsps","FUNCTION_TARGET":"ssrconfirjuvenilnsps","LOG_EXECUTION_ID":"true"},"ingressSettings":"ALLOW_ALL","uri":"https://ssrconfirjuvenilnsps-dwigkcf66a-uc.a.run.app","serviceAccountEmail":"618645486004-compute@developer.gserviceaccount.com","availableMemory":"256Mi","allTrafficOnLatestRevision":true,"revision":"ssrconfirjuvenilnsps-00010-qaz","maxInstanceRequestConcurrency":80,"availableCpu":"1"},"state":"ACTIVE","labels":{"deployment-tool":"cli-firebase","firebase-functions-codebase":"firebase-frameworks-confir-juvenil-nsps","firebase-functions-hash":"d5b356c74f680c325399e2d29165f41cd97caef8"},"environment":"GEN_2","url":"https://us-central1-studio-8931863599-6d45c.cloudfunctions.net/ssrconfirjuvenilnsps","satisfiesPzi":true},"stages":[{"name":"BUILD","message":"Build in progress","state":"IN_PROGRESS","resource":"projects/618645486004/locations/us-central1/builds/42037e36-183e-4446-850b-1f57f8aa63f1","resourceUri":"https://console.cloud.google.com/cloud-build/builds;region=us-central1/42037e36-183e-4446-850b-1f57f8aa63f1?project=618645486004"},{"name":"SERVICE","state":"NOT_STARTED"}],"operationType":"UPDATE_FUNCTION","buildName":"projects/618645486004/locations/us-central1/builds/42037e36-183e-4446-850b-1f57f8aa63f1"},"done":false}
[debug] [2026-04-09T17:26:15.544Z] [update-firebase-frameworks-confir-juvenil-nsps-us-central1-ssrconfirjuvenilnsps] Retrying task index 0
[debug] [2026-04-09T17:26:15.544Z] Checked if tokens are valid: true, expires at: 1775758129005
[debug] [2026-04-09T17:26:15.544Z] Checked if tokens are valid: true, expires at: 1775758129005
[debug] [2026-04-09T17:26:15.544Z] >>> [apiv2][query] GET https://cloudfunctions.googleapis.com/v2/projects/studio-8931863599-6d45c/locations/us-central1/operations/operation-1775752198208-64f0986fbba95-7a965317-cd2dbd5c [none]
[debug] [2026-04-09T17:26:16.522Z] <<< [apiv2][status] GET https://cloudfunctions.googleapis.com/v2/projects/studio-8931863599-6d45c/locations/us-central1/operations/operation-1775752198208-64f0986fbba95-7a965317-cd2dbd5c 200
[debug] [2026-04-09T17:26:16.522Z] <<< [apiv2][body] GET https://cloudfunctions.googleapis.com/v2/projects/studio-8931863599-6d45c/locations/us-central1/operations/operation-1775752198208-64f0986fbba95-7a965317-cd2dbd5c {"name":"projects/studio-8931863599-6d45c/locations/us-central1/operations/operation-1775752198208-64f0986fbba95-7a965317-cd2dbd5c","metadata":{"@type":"type.googleapis.com/google.cloud.functions.v2.OperationMetadata","createTime":"2026-04-09T16:29:59.182786233Z","target":"projects/studio-8931863599-6d45c/locations/us-central1/functions/ssrconfirjuvenilnsps","verb":"update","cancelRequested":false,"apiVersion":"v2","requestResource":{"@type":"type.googleapis.com/google.cloud.functions.v2.Function","name":"projects/studio-8931863599-6d45c/locations/us-central1/functions/ssrconfirjuvenilnsps","buildConfig":{"runtime":"nodejs24","entryPoint":"ssrconfirjuvenilnsps","source":{"storageSource":{"bucket":"gcf-v2-sources-618645486004-us-central1","object":"ssrconfirjuvenilnsps/function-source.zip","generation":"1775752199121124"}},"environmentVariables":{"GOOGLE_NODE_RUN_SCRIPTS":""},"dockerRepository":"projects/studio-8931863599-6d45c/locations/us-central1/repositories/gcf-artifacts","sourceProvenance":{"resolvedStorageSource":{"bucket":"gcf-v2-sources-618645486004-us-central1","object":"ssrconfirjuvenilnsps/function-source.zip","generation":"1775751482271435"}},"dockerRegistry":"ARTIFACT_REGISTRY","serviceAccount":"projects/studio-8931863599-6d45c/serviceAccounts/618645486004-compute@developer.gserviceaccount.com","automaticUpdatePolicy":{}},"serviceConfig":{"service":"projects/studio-8931863599-6d45c/locations/us-central1/services/ssrconfirjuvenilnsps","timeoutSeconds":60,"environmentVariables":{"VERCEL_URL":"studio-8931863599-6d45c.web.app","__FIREBASE_FRAMEWORKS_ENTRY__":"next.js","__FIREBASE_DEFAULTS__":"{\"config\":{\"projectId\":\"studio-8931863599-6d45c\",\"appId\":\"1:618645486004:web:199dbf50db4987171e1ae1\",\"storageBucket\":\"studio-8931863599-6d45c.firebasestorage.app\",\"apiKey\":\"AIzaSyAEWzl6-aPy1mpPHRJOFaQh_0Dw2VHd-Fk\",\"authDomain\":\"studio-8931863599-6d45c.firebaseapp.com\",\"messagingSenderId\":\"618645486004\",\"measurementId\":\"G-1W8E3KJK4B\",\"projectNumber\":\"618645486004\",\"version\":\"2\"},\"_authTokenSyncURL\":\"/__session\"}","FIREBASE_CONFIG":"{\"projectId\":\"studio-8931863599-6d45c\",\"storageBucket\":\"studio-8931863599-6d45c.firebasestorage.app\"}","GCLOUD_PROJECT":"studio-8931863599-6d45c","EVENTARC_CLOUD_EVENT_SOURCE":"projects/studio-8931863599-6d45c/locations/us-central1/services/ssrconfirjuvenilnsps","FUNCTION_TARGET":"ssrconfirjuvenilnsps","LOG_EXECUTION_ID":"true"},"ingressSettings":"ALLOW_ALL","uri":"https://ssrconfirjuvenilnsps-dwigkcf66a-uc.a.run.app","serviceAccountEmail":"618645486004-compute@developer.gserviceaccount.com","availableMemory":"256Mi","allTrafficOnLatestRevision":true,"revision":"ssrconfirjuvenilnsps-00010-qaz","maxInstanceRequestConcurrency":80,"availableCpu":"1"},"state":"ACTIVE","labels":{"deployment-tool":"cli-firebase","firebase-functions-codebase":"firebase-frameworks-confir-juvenil-nsps","firebase-functions-hash":"d5b356c74f680c325399e2d29165f41cd97caef8"},"environment":"GEN_2","url":"https://us-central1-studio-8931863599-6d45c.cloudfunctions.net/ssrconfirjuvenilnsps","satisfiesPzi":true},"stages":[{"name":"BUILD","message":"Build in progress","state":"IN_PROGRESS","resource":"projects/618645486004/locations/us-central1/builds/42037e36-183e-4446-850b-1f57f8aa63f1","resourceUri":"https://console.cloud.google.com/cloud-build/builds;region=us-central1/42037e36-183e-4446-850b-1f57f8aa63f1?project=618645486004"},{"name":"SERVICE","state":"NOT_STARTED"}],"operationType":"UPDATE_FUNCTION","buildName":"projects/618645486004/locations/us-central1/builds/42037e36-183e-4446-850b-1f57f8aa63f1"},"done":false}
[debug] [2026-04-09T17:26:18.531Z] [update-firebase-frameworks-confir-juvenil-nsps-us-central1-ssrconfirjuvenilnsps] Retrying task index 0
[debug] [2026-04-09T17:26:18.532Z] Checked if tokens are valid: true, expires at: 1775758129005
[debug] [2026-04-09T17:26:18.532Z] Checked if tokens are valid: true, expires at: 1775758129005
[debug] [2026-04-09T17:26:18.532Z] >>> [apiv2][query] GET https://cloudfunctions.googleapis.com/v2/projects/studio-8931863599-6d45c/locations/us-central1/operations/operation-1775752198208-64f0986fbba95-7a965317-cd2dbd5c [none]
[debug] [2026-04-09T17:26:19.473Z] <<< [apiv2][status] GET https://cloudfunctions.googleapis.com/v2/projects/studio-8931863599-6d45c/locations/us-central1/operations/operation-1775752198208-64f0986fbba95-7a965317-cd2dbd5c 200
[debug] [2026-04-09T17:26:19.474Z] <<< [apiv2][body] GET https://cloudfunctions.googleapis.com/v2/projects/studio-8931863599-6d45c/locations/us-central1/operations/operation-1775752198208-64f0986fbba95-7a965317-cd2dbd5c {"name":"projects/studio-8931863599-6d45c/locations/us-central1/operations/operation-1775752198208-64f0986fbba95-7a965317-cd2dbd5c","metadata":{"@type":"type.googleapis.com/google.cloud.functions.v2.OperationMetadata","createTime":"2026-04-09T16:29:59.182786233Z","target":"projects/studio-8931863599-6d45c/locations/us-central1/functions/ssrconfirjuvenilnsps","verb":"update","cancelRequested":false,"apiVersion":"v2","requestResource":{"@type":"type.googleapis.com/google.cloud.functions.v2.Function","name":"projects/studio-8931863599-6d45c/locations/us-central1/functions/ssrconfirjuvenilnsps","buildConfig":{"runtime":"nodejs24","entryPoint":"ssrconfirjuvenilnsps","source":{"storageSource":{"bucket":"gcf-v2-sources-618645486004-us-central1","object":"ssrconfirjuvenilnsps/function-source.zip","generation":"1775752199121124"}},"environmentVariables":{"GOOGLE_NODE_RUN_SCRIPTS":""},"dockerRepository":"projects/studio-8931863599-6d45c/locations/us-central1/repositories/gcf-artifacts","sourceProvenance":{"resolvedStorageSource":{"bucket":"gcf-v2-sources-618645486004-us-central1","object":"ssrconfirjuvenilnsps/function-source.zip","generation":"1775751482271435"}},"dockerRegistry":"ARTIFACT_REGISTRY","serviceAccount":"projects/studio-8931863599-6d45c/serviceAccounts/618645486004-compute@developer.gserviceaccount.com","automaticUpdatePolicy":{}},"serviceConfig":{"service":"projects/studio-8931863599-6d45c/locations/us-central1/services/ssrconfirjuvenilnsps","timeoutSeconds":60,"environmentVariables":{"VERCEL_URL":"studio-8931863599-6d45c.web.app","__FIREBASE_FRAMEWORKS_ENTRY__":"next.js","__FIREBASE_DEFAULTS__":"{\"config\":{\"projectId\":\"studio-8931863599-6d45c\",\"appId\":\"1:618645486004:web:199dbf50db4987171e1ae1\",\"storageBucket\":\"studio-8931863599-6d45c.firebasestorage.app\",\"apiKey\":\"AIzaSyAEWzl6-aPy1mpPHRJOFaQh_0Dw2VHd-Fk\",\"authDomain\":\"studio-8931863599-6d45c.firebaseapp.com\",\"messagingSenderId\":\"618645486004\",\"measurementId\":\"G-1W8E3KJK4B\",\"projectNumber\":\"618645486004\",\"version\":\"2\"},\"_authTokenSyncURL\":\"/__session\"}","FIREBASE_CONFIG":"{\"projectId\":\"studio-8931863599-6d45c\",\"storageBucket\":\"studio-8931863599-6d45c.firebasestorage.app\"}","GCLOUD_PROJECT":"studio-8931863599-6d45c","EVENTARC_CLOUD_EVENT_SOURCE":"projects/studio-8931863599-6d45c/locations/us-central1/services/ssrconfirjuvenilnsps","FUNCTION_TARGET":"ssrconfirjuvenilnsps","LOG_EXECUTION_ID":"true"},"ingressSettings":"ALLOW_ALL","uri":"https://ssrconfirjuvenilnsps-dwigkcf66a-uc.a.run.app","serviceAccountEmail":"618645486004-compute@developer.gserviceaccount.com","availableMemory":"256Mi","allTrafficOnLatestRevision":true,"revision":"ssrconfirjuvenilnsps-00010-qaz","maxInstanceRequestConcurrency":80,"availableCpu":"1"},"state":"ACTIVE","labels":{"deployment-tool":"cli-firebase","firebase-functions-codebase":"firebase-frameworks-confir-juvenil-nsps","firebase-functions-hash":"d5b356c74f680c325399e2d29165f41cd97caef8"},"environment":"GEN_2","url":"https://us-central1-studio-8931863599-6d45c.cloudfunctions.net/ssrconfirjuvenilnsps","satisfiesPzi":true},"stages":[{"name":"BUILD","message":"Build in progress","state":"IN_PROGRESS","resource":"projects/618645486004/locations/us-central1/builds/42037e36-183e-4446-850b-1f57f8aa63f1","resourceUri":"https://console.cloud.google.com/cloud-build/builds;region=us-central1/42037e36-183e-4446-850b-1f57f8aa63f1?project=618645486004"},{"name":"SERVICE","state":"NOT_STARTED"}],"operationType":"UPDATE_FUNCTION","buildName":"projects/618645486004/locations/us-central1/builds/42037e36-183e-4446-850b-1f57f8aa63f1"},"done":false}
[debug] [2026-04-09T17:26:23.478Z] [update-firebase-frameworks-confir-juvenil-nsps-us-central1-ssrconfirjuvenilnsps] Retrying task index 0
[debug] [2026-04-09T17:26:23.478Z] Checked if tokens are valid: true, expires at: 1775758129005
[debug] [2026-04-09T17:26:23.478Z] Checked if tokens are valid: true, expires at: 1775758129005
[debug] [2026-04-09T17:26:23.478Z] >>> [apiv2][query] GET https://cloudfunctions.googleapis.com/v2/projects/studio-8931863599-6d45c/locations/us-central1/operations/operation-1775752198208-64f0986fbba95-7a965317-cd2dbd5c [none]
[debug] [2026-04-09T17:26:24.461Z] <<< [apiv2][status] GET https://cloudfunctions.googleapis.com/v2/projects/studio-8931863599-6d45c/locations/us-central1/operations/operation-1775752198208-64f0986fbba95-7a965317-cd2dbd5c 200
[debug] [2026-04-09T17:26:24.461Z] <<< [apiv2][body] GET https://cloudfunctions.googleapis.com/v2/projects/studio-8931863599-6d45c/locations/us-central1/operations/operation-1775752198208-64f0986fbba95-7a965317-cd2dbd5c {"name":"projects/studio-8931863599-6d45c/locations/us-central1/operations/operation-1775752198208-64f0986fbba95-7a965317-cd2dbd5c","metadata":{"@type":"type.googleapis.com/google.cloud.functions.v2.OperationMetadata","createTime":"2026-04-09T16:29:59.182786233Z","target":"projects/studio-8931863599-6d45c/locations/us-central1/functions/ssrconfirjuvenilnsps","verb":"update","cancelRequested":false,"apiVersion":"v2","requestResource":{"@type":"type.googleapis.com/google.cloud.functions.v2.Function","name":"projects/studio-8931863599-6d45c/locations/us-central1/functions/ssrconfirjuvenilnsps","buildConfig":{"runtime":"nodejs24","entryPoint":"ssrconfirjuvenilnsps","source":{"storageSource":{"bucket":"gcf-v2-sources-618645486004-us-central1","object":"ssrconfirjuvenilnsps/function-source.zip","generation":"1775752199121124"}},"environmentVariables":{"GOOGLE_NODE_RUN_SCRIPTS":""},"dockerRepository":"projects/studio-8931863599-6d45c/locations/us-central1/repositories/gcf-artifacts","sourceProvenance":{"resolvedStorageSource":{"bucket":"gcf-v2-sources-618645486004-us-central1","object":"ssrconfirjuvenilnsps/function-source.zip","generation":"1775751482271435"}},"dockerRegistry":"ARTIFACT_REGISTRY","serviceAccount":"projects/studio-8931863599-6d45c/serviceAccounts/618645486004-compute@developer.gserviceaccount.com","automaticUpdatePolicy":{}},"serviceConfig":{"service":"projects/studio-8931863599-6d45c/locations/us-central1/services/ssrconfirjuvenilnsps","timeoutSeconds":60,"environmentVariables":{"VERCEL_URL":"studio-8931863599-6d45c.web.app","__FIREBASE_FRAMEWORKS_ENTRY__":"next.js","__FIREBASE_DEFAULTS__":"{\"config\":{\"projectId\":\"studio-8931863599-6d45c\",\"appId\":\"1:618645486004:web:199dbf50db4987171e1ae1\",\"storageBucket\":\"studio-8931863599-6d45c.firebasestorage.app\",\"apiKey\":\"AIzaSyAEWzl6-aPy1mpPHRJOFaQh_0Dw2VHd-Fk\",\"authDomain\":\"studio-8931863599-6d45c.firebaseapp.com\",\"messagingSenderId\":\"618645486004\",\"measurementId\":\"G-1W8E3KJK4B\",\"projectNumber\":\"618645486004\",\"version\":\"2\"},\"_authTokenSyncURL\":\"/__session\"}","FIREBASE_CONFIG":"{\"projectId\":\"studio-8931863599-6d45c\",\"storageBucket\":\"studio-8931863599-6d45c.firebasestorage.app\"}","GCLOUD_PROJECT":"studio-8931863599-6d45c","EVENTARC_CLOUD_EVENT_SOURCE":"projects/studio-8931863599-6d45c/locations/us-central1/services/ssrconfirjuvenilnsps","FUNCTION_TARGET":"ssrconfirjuvenilnsps","LOG_EXECUTION_ID":"true"},"ingressSettings":"ALLOW_ALL","uri":"https://ssrconfirjuvenilnsps-dwigkcf66a-uc.a.run.app","serviceAccountEmail":"618645486004-compute@developer.gserviceaccount.com","availableMemory":"256Mi","allTrafficOnLatestRevision":true,"revision":"ssrconfirjuvenilnsps-00010-qaz","maxInstanceRequestConcurrency":80,"availableCpu":"1"},"state":"ACTIVE","labels":{"deployment-tool":"cli-firebase","firebase-functions-codebase":"firebase-frameworks-confir-juvenil-nsps","firebase-functions-hash":"d5b356c74f680c325399e2d29165f41cd97caef8"},"environment":"GEN_2","url":"https://us-central1-studio-8931863599-6d45c.cloudfunctions.net/ssrconfirjuvenilnsps","satisfiesPzi":true},"stages":[{"name":"BUILD","message":"Build in progress","state":"IN_PROGRESS","resource":"projects/618645486004/locations/us-central1/builds/42037e36-183e-4446-850b-1f57f8aa63f1","resourceUri":"https://console.cloud.google.com/cloud-build/builds;region=us-central1/42037e36-183e-4446-850b-1f57f8aa63f1?project=618645486004"},{"name":"SERVICE","state":"NOT_STARTED"}],"operationType":"UPDATE_FUNCTION","buildName":"projects/618645486004/locations/us-central1/builds/42037e36-183e-4446-850b-1f57f8aa63f1"},"done":false}
[debug] [2026-04-09T17:26:32.463Z] [update-firebase-frameworks-confir-juvenil-nsps-us-central1-ssrconfirjuvenilnsps] Retrying task index 0
[debug] [2026-04-09T17:26:32.464Z] Checked if tokens are valid: true, expires at: 1775758129005
[debug] [2026-04-09T17:26:32.464Z] Checked if tokens are valid: true, expires at: 1775758129005
[debug] [2026-04-09T17:26:32.464Z] >>> [apiv2][query] GET https://cloudfunctions.googleapis.com/v2/projects/studio-8931863599-6d45c/locations/us-central1/operations/operation-1775752198208-64f0986fbba95-7a965317-cd2dbd5c [none]
[debug] [2026-04-09T17:26:33.531Z] <<< [apiv2][status] GET https://cloudfunctions.googleapis.com/v2/projects/studio-8931863599-6d45c/locations/us-central1/operations/operation-1775752198208-64f0986fbba95-7a965317-cd2dbd5c 200
[debug] [2026-04-09T17:26:33.531Z] <<< [apiv2][body] GET https://cloudfunctions.googleapis.com/v2/projects/studio-8931863599-6d45c/locations/us-central1/operations/operation-1775752198208-64f0986fbba95-7a965317-cd2dbd5c {"name":"projects/studio-8931863599-6d45c/locations/us-central1/operations/operation-1775752198208-64f0986fbba95-7a965317-cd2dbd5c","metadata":{"@type":"type.googleapis.com/google.cloud.functions.v2.OperationMetadata","createTime":"2026-04-09T16:29:59.182786233Z","target":"projects/studio-8931863599-6d45c/locations/us-central1/functions/ssrconfirjuvenilnsps","verb":"update","cancelRequested":false,"apiVersion":"v2","requestResource":{"@type":"type.googleapis.com/google.cloud.functions.v2.Function","name":"projects/studio-8931863599-6d45c/locations/us-central1/functions/ssrconfirjuvenilnsps","buildConfig":{"runtime":"nodejs24","entryPoint":"ssrconfirjuvenilnsps","source":{"storageSource":{"bucket":"gcf-v2-sources-618645486004-us-central1","object":"ssrconfirjuvenilnsps/function-source.zip","generation":"1775752199121124"}},"environmentVariables":{"GOOGLE_NODE_RUN_SCRIPTS":""},"dockerRepository":"projects/studio-8931863599-6d45c/locations/us-central1/repositories/gcf-artifacts","sourceProvenance":{"resolvedStorageSource":{"bucket":"gcf-v2-sources-618645486004-us-central1","object":"ssrconfirjuvenilnsps/function-source.zip","generation":"1775751482271435"}},"dockerRegistry":"ARTIFACT_REGISTRY","serviceAccount":"projects/studio-8931863599-6d45c/serviceAccounts/618645486004-compute@developer.gserviceaccount.com","automaticUpdatePolicy":{}},"serviceConfig":{"service":"projects/studio-8931863599-6d45c/locations/us-central1/services/ssrconfirjuvenilnsps","timeoutSeconds":60,"environmentVariables":{"VERCEL_URL":"studio-8931863599-6d45c.web.app","__FIREBASE_FRAMEWORKS_ENTRY__":"next.js","__FIREBASE_DEFAULTS__":"{\"config\":{\"projectId\":\"studio-8931863599-6d45c\",\"appId\":\"1:618645486004:web:199dbf50db4987171e1ae1\",\"storageBucket\":\"studio-8931863599-6d45c.firebasestorage.app\",\"apiKey\":\"AIzaSyAEWzl6-aPy1mpPHRJOFaQh_0Dw2VHd-Fk\",\"authDomain\":\"studio-8931863599-6d45c.firebaseapp.com\",\"messagingSenderId\":\"618645486004\",\"measurementId\":\"G-1W8E3KJK4B\",\"projectNumber\":\"618645486004\",\"version\":\"2\"},\"_authTokenSyncURL\":\"/__session\"}","FIREBASE_CONFIG":"{\"projectId\":\"studio-8931863599-6d45c\",\"storageBucket\":\"studio-8931863599-6d45c.firebasestorage.app\"}","GCLOUD_PROJECT":"studio-8931863599-6d45c","EVENTARC_CLOUD_EVENT_SOURCE":"projects/studio-8931863599-6d45c/locations/us-central1/services/ssrconfirjuvenilnsps","FUNCTION_TARGET":"ssrconfirjuvenilnsps","LOG_EXECUTION_ID":"true"},"ingressSettings":"ALLOW_ALL","uri":"https://ssrconfirjuvenilnsps-dwigkcf66a-uc.a.run.app","serviceAccountEmail":"618645486004-compute@developer.gserviceaccount.com","availableMemory":"256Mi","allTrafficOnLatestRevision":true,"revision":"ssrconfirjuvenilnsps-00010-qaz","maxInstanceRequestConcurrency":80,"availableCpu":"1"},"state":"ACTIVE","labels":{"deployment-tool":"cli-firebase","firebase-functions-codebase":"firebase-frameworks-confir-juvenil-nsps","firebase-functions-hash":"d5b356c74f680c325399e2d29165f41cd97caef8"},"environment":"GEN_2","url":"https://us-central1-studio-8931863599-6d45c.cloudfunctions.net/ssrconfirjuvenilnsps","satisfiesPzi":true},"stages":[{"name":"BUILD","message":"Build in progress","state":"IN_PROGRESS","resource":"projects/618645486004/locations/us-central1/builds/42037e36-183e-4446-850b-1f57f8aa63f1","resourceUri":"https://console.cloud.google.com/cloud-build/builds;region=us-central1/42037e36-183e-4446-850b-1f57f8aa63f1?project=618645486004"},{"name":"SERVICE","state":"NOT_STARTED"}],"operationType":"UPDATE_FUNCTION","buildName":"projects/618645486004/locations/us-central1/builds/42037e36-183e-4446-850b-1f57f8aa63f1"},"done":false}
[debug] [2026-04-09T17:26:43.545Z] [update-firebase-frameworks-confir-juvenil-nsps-us-central1-ssrconfirjuvenilnsps] Retrying task index 0
[debug] [2026-04-09T17:26:43.546Z] Checked if tokens are valid: true, expires at: 1775758129005
[debug] [2026-04-09T17:26:43.546Z] Checked if tokens are valid: true, expires at: 1775758129005
[debug] [2026-04-09T17:26:43.546Z] >>> [apiv2][query] GET https://cloudfunctions.googleapis.com/v2/projects/studio-8931863599-6d45c/locations/us-central1/operations/operation-1775752198208-64f0986fbba95-7a965317-cd2dbd5c [none]
[debug] [2026-04-09T17:26:44.627Z] <<< [apiv2][status] GET https://cloudfunctions.googleapis.com/v2/projects/studio-8931863599-6d45c/locations/us-central1/operations/operation-1775752198208-64f0986fbba95-7a965317-cd2dbd5c 200
[debug] [2026-04-09T17:26:44.627Z] <<< [apiv2][body] GET https://cloudfunctions.googleapis.com/v2/projects/studio-8931863599-6d45c/locations/us-central1/operations/operation-1775752198208-64f0986fbba95-7a965317-cd2dbd5c {"name":"projects/studio-8931863599-6d45c/locations/us-central1/operations/operation-1775752198208-64f0986fbba95-7a965317-cd2dbd5c","metadata":{"@type":"type.googleapis.com/google.cloud.functions.v2.OperationMetadata","createTime":"2026-04-09T16:29:59.182786233Z","target":"projects/studio-8931863599-6d45c/locations/us-central1/functions/ssrconfirjuvenilnsps","verb":"update","cancelRequested":false,"apiVersion":"v2","requestResource":{"@type":"type.googleapis.com/google.cloud.functions.v2.Function","name":"projects/studio-8931863599-6d45c/locations/us-central1/functions/ssrconfirjuvenilnsps","buildConfig":{"runtime":"nodejs24","entryPoint":"ssrconfirjuvenilnsps","source":{"storageSource":{"bucket":"gcf-v2-sources-618645486004-us-central1","object":"ssrconfirjuvenilnsps/function-source.zip","generation":"1775752199121124"}},"environmentVariables":{"GOOGLE_NODE_RUN_SCRIPTS":""},"dockerRepository":"projects/studio-8931863599-6d45c/locations/us-central1/repositories/gcf-artifacts","sourceProvenance":{"resolvedStorageSource":{"bucket":"gcf-v2-sources-618645486004-us-central1","object":"ssrconfirjuvenilnsps/function-source.zip","generation":"1775751482271435"}},"dockerRegistry":"ARTIFACT_REGISTRY","serviceAccount":"projects/studio-8931863599-6d45c/serviceAccounts/618645486004-compute@developer.gserviceaccount.com","automaticUpdatePolicy":{}},"serviceConfig":{"service":"projects/studio-8931863599-6d45c/locations/us-central1/services/ssrconfirjuvenilnsps","timeoutSeconds":60,"environmentVariables":{"VERCEL_URL":"studio-8931863599-6d45c.web.app","__FIREBASE_FRAMEWORKS_ENTRY__":"next.js","__FIREBASE_DEFAULTS__":"{\"config\":{\"projectId\":\"studio-8931863599-6d45c\",\"appId\":\"1:618645486004:web:199dbf50db4987171e1ae1\",\"storageBucket\":\"studio-8931863599-6d45c.firebasestorage.app\",\"apiKey\":\"AIzaSyAEWzl6-aPy1mpPHRJOFaQh_0Dw2VHd-Fk\",\"authDomain\":\"studio-8931863599-6d45c.firebaseapp.com\",\"messagingSenderId\":\"618645486004\",\"measurementId\":\"G-1W8E3KJK4B\",\"projectNumber\":\"618645486004\",\"version\":\"2\"},\"_authTokenSyncURL\":\"/__session\"}","FIREBASE_CONFIG":"{\"projectId\":\"studio-8931863599-6d45c\",\"storageBucket\":\"studio-8931863599-6d45c.firebasestorage.app\"}","GCLOUD_PROJECT":"studio-8931863599-6d45c","EVENTARC_CLOUD_EVENT_SOURCE":"projects/studio-8931863599-6d45c/locations/us-central1/services/ssrconfirjuvenilnsps","FUNCTION_TARGET":"ssrconfirjuvenilnsps","LOG_EXECUTION_ID":"true"},"ingressSettings":"ALLOW_ALL","uri":"https://ssrconfirjuvenilnsps-dwigkcf66a-uc.a.run.app","serviceAccountEmail":"618645486004-compute@developer.gserviceaccount.com","availableMemory":"256Mi","allTrafficOnLatestRevision":true,"revision":"ssrconfirjuvenilnsps-00010-qaz","maxInstanceRequestConcurrency":80,"availableCpu":"1"},"state":"ACTIVE","labels":{"deployment-tool":"cli-firebase","firebase-functions-codebase":"firebase-frameworks-confir-juvenil-nsps","firebase-functions-hash":"d5b356c74f680c325399e2d29165f41cd97caef8"},"environment":"GEN_2","url":"https://us-central1-studio-8931863599-6d45c.cloudfunctions.net/ssrconfirjuvenilnsps","satisfiesPzi":true},"stages":[{"name":"BUILD","message":"Build in progress","state":"IN_PROGRESS","resource":"projects/618645486004/locations/us-central1/builds/42037e36-183e-4446-850b-1f57f8aa63f1","resourceUri":"https://console.cloud.google.com/cloud-build/builds;region=us-central1/42037e36-183e-4446-850b-1f57f8aa63f1?project=618645486004"},{"name":"SERVICE","state":"NOT_STARTED"}],"operationType":"UPDATE_FUNCTION","buildName":"projects/618645486004/locations/us-central1/builds/42037e36-183e-4446-850b-1f57f8aa63f1"},"done":false}
[debug] [2026-04-09T17:26:54.643Z] [update-firebase-frameworks-confir-juvenil-nsps-us-central1-ssrconfirjuvenilnsps] Retrying task index 0
[debug] [2026-04-09T17:26:54.643Z] Checked if tokens are valid: true, expires at: 1775758129005
[debug] [2026-04-09T17:26:54.643Z] Checked if tokens are valid: true, expires at: 1775758129005
[debug] [2026-04-09T17:26:54.644Z] >>> [apiv2][query] GET https://cloudfunctions.googleapis.com/v2/projects/studio-8931863599-6d45c/locations/us-central1/operations/operation-1775752198208-64f0986fbba95-7a965317-cd2dbd5c [none]
[debug] [2026-04-09T17:26:55.679Z] <<< [apiv2][status] GET https://cloudfunctions.googleapis.com/v2/projects/studio-8931863599-6d45c/locations/us-central1/operations/operation-1775752198208-64f0986fbba95-7a965317-cd2dbd5c 200
[debug] [2026-04-09T17:26:55.679Z] <<< [apiv2][body] GET https://cloudfunctions.googleapis.com/v2/projects/studio-8931863599-6d45c/locations/us-central1/operations/operation-1775752198208-64f0986fbba95-7a965317-cd2dbd5c {"name":"projects/studio-8931863599-6d45c/locations/us-central1/operations/operation-1775752198208-64f0986fbba95-7a965317-cd2dbd5c","metadata":{"@type":"type.googleapis.com/google.cloud.functions.v2.OperationMetadata","createTime":"2026-04-09T16:29:59.182786233Z","target":"projects/studio-8931863599-6d45c/locations/us-central1/functions/ssrconfirjuvenilnsps","verb":"update","cancelRequested":false,"apiVersion":"v2","requestResource":{"@type":"type.googleapis.com/google.cloud.functions.v2.Function","name":"projects/studio-8931863599-6d45c/locations/us-central1/functions/ssrconfirjuvenilnsps","buildConfig":{"runtime":"nodejs24","entryPoint":"ssrconfirjuvenilnsps","source":{"storageSource":{"bucket":"gcf-v2-sources-618645486004-us-central1","object":"ssrconfirjuvenilnsps/function-source.zip","generation":"1775752199121124"}},"environmentVariables":{"GOOGLE_NODE_RUN_SCRIPTS":""},"dockerRepository":"projects/studio-8931863599-6d45c/locations/us-central1/repositories/gcf-artifacts","sourceProvenance":{"resolvedStorageSource":{"bucket":"gcf-v2-sources-618645486004-us-central1","object":"ssrconfirjuvenilnsps/function-source.zip","generation":"1775751482271435"}},"dockerRegistry":"ARTIFACT_REGISTRY","serviceAccount":"projects/studio-8931863599-6d45c/serviceAccounts/618645486004-compute@developer.gserviceaccount.com","automaticUpdatePolicy":{}},"serviceConfig":{"service":"projects/studio-8931863599-6d45c/locations/us-central1/services/ssrconfirjuvenilnsps","timeoutSeconds":60,"environmentVariables":{"VERCEL_URL":"studio-8931863599-6d45c.web.app","__FIREBASE_FRAMEWORKS_ENTRY__":"next.js","__FIREBASE_DEFAULTS__":"{\"config\":{\"projectId\":\"studio-8931863599-6d45c\",\"appId\":\"1:618645486004:web:199dbf50db4987171e1ae1\",\"storageBucket\":\"studio-8931863599-6d45c.firebasestorage.app\",\"apiKey\":\"AIzaSyAEWzl6-aPy1mpPHRJOFaQh_0Dw2VHd-Fk\",\"authDomain\":\"studio-8931863599-6d45c.firebaseapp.com\",\"messagingSenderId\":\"618645486004\",\"measurementId\":\"G-1W8E3KJK4B\",\"projectNumber\":\"618645486004\",\"version\":\"2\"},\"_authTokenSyncURL\":\"/__session\"}","FIREBASE_CONFIG":"{\"projectId\":\"studio-8931863599-6d45c\",\"storageBucket\":\"studio-8931863599-6d45c.firebasestorage.app\"}","GCLOUD_PROJECT":"studio-8931863599-6d45c","EVENTARC_CLOUD_EVENT_SOURCE":"projects/studio-8931863599-6d45c/locations/us-central1/services/ssrconfirjuvenilnsps","FUNCTION_TARGET":"ssrconfirjuvenilnsps","LOG_EXECUTION_ID":"true"},"ingressSettings":"ALLOW_ALL","uri":"https://ssrconfirjuvenilnsps-dwigkcf66a-uc.a.run.app","serviceAccountEmail":"618645486004-compute@developer.gserviceaccount.com","availableMemory":"256Mi","allTrafficOnLatestRevision":true,"revision":"ssrconfirjuvenilnsps-00010-qaz","maxInstanceRequestConcurrency":80,"availableCpu":"1"},"state":"ACTIVE","labels":{"deployment-tool":"cli-firebase","firebase-functions-codebase":"firebase-frameworks-confir-juvenil-nsps","firebase-functions-hash":"d5b356c74f680c325399e2d29165f41cd97caef8"},"environment":"GEN_2","url":"https://us-central1-studio-8931863599-6d45c.cloudfunctions.net/ssrconfirjuvenilnsps","satisfiesPzi":true},"stages":[{"name":"BUILD","message":"Build in progress","state":"IN_PROGRESS","resource":"projects/618645486004/locations/us-central1/builds/42037e36-183e-4446-850b-1f57f8aa63f1","resourceUri":"https://console.cloud.google.com/cloud-build/builds;region=us-central1/42037e36-183e-4446-850b-1f57f8aa63f1?project=618645486004"},{"name":"SERVICE","state":"NOT_STARTED"}],"operationType":"UPDATE_FUNCTION","buildName":"projects/618645486004/locations/us-central1/builds/42037e36-183e-4446-850b-1f57f8aa63f1"},"done":false}
[debug] [2026-04-09T17:27:05.679Z] [update-firebase-frameworks-confir-juvenil-nsps-us-central1-ssrconfirjuvenilnsps] Retrying task index 0
[debug] [2026-04-09T17:27:05.679Z] Checked if tokens are valid: true, expires at: 1775758129005
[debug] [2026-04-09T17:27:05.680Z] Checked if tokens are valid: true, expires at: 1775758129005
[debug] [2026-04-09T17:27:05.680Z] >>> [apiv2][query] GET https://cloudfunctions.googleapis.com/v2/projects/studio-8931863599-6d45c/locations/us-central1/operations/operation-1775752198208-64f0986fbba95-7a965317-cd2dbd5c [none]
[debug] [2026-04-09T17:27:06.751Z] <<< [apiv2][status] GET https://cloudfunctions.googleapis.com/v2/projects/studio-8931863599-6d45c/locations/us-central1/operations/operation-1775752198208-64f0986fbba95-7a965317-cd2dbd5c 200
[debug] [2026-04-09T17:27:06.751Z] <<< [apiv2][body] GET https://cloudfunctions.googleapis.com/v2/projects/studio-8931863599-6d45c/locations/us-central1/operations/operation-1775752198208-64f0986fbba95-7a965317-cd2dbd5c {"name":"projects/studio-8931863599-6d45c/locations/us-central1/operations/operation-1775752198208-64f0986fbba95-7a965317-cd2dbd5c","metadata":{"@type":"type.googleapis.com/google.cloud.functions.v2.OperationMetadata","createTime":"2026-04-09T16:29:59.182786233Z","target":"projects/studio-8931863599-6d45c/locations/us-central1/functions/ssrconfirjuvenilnsps","verb":"update","cancelRequested":false,"apiVersion":"v2","requestResource":{"@type":"type.googleapis.com/google.cloud.functions.v2.Function","name":"projects/studio-8931863599-6d45c/locations/us-central1/functions/ssrconfirjuvenilnsps","buildConfig":{"runtime":"nodejs24","entryPoint":"ssrconfirjuvenilnsps","source":{"storageSource":{"bucket":"gcf-v2-sources-618645486004-us-central1","object":"ssrconfirjuvenilnsps/function-source.zip","generation":"1775752199121124"}},"environmentVariables":{"GOOGLE_NODE_RUN_SCRIPTS":""},"dockerRepository":"projects/studio-8931863599-6d45c/locations/us-central1/repositories/gcf-artifacts","sourceProvenance":{"resolvedStorageSource":{"bucket":"gcf-v2-sources-618645486004-us-central1","object":"ssrconfirjuvenilnsps/function-source.zip","generation":"1775751482271435"}},"dockerRegistry":"ARTIFACT_REGISTRY","serviceAccount":"projects/studio-8931863599-6d45c/serviceAccounts/618645486004-compute@developer.gserviceaccount.com","automaticUpdatePolicy":{}},"serviceConfig":{"service":"projects/studio-8931863599-6d45c/locations/us-central1/services/ssrconfirjuvenilnsps","timeoutSeconds":60,"environmentVariables":{"VERCEL_URL":"studio-8931863599-6d45c.web.app","__FIREBASE_FRAMEWORKS_ENTRY__":"next.js","__FIREBASE_DEFAULTS__":"{\"config\":{\"projectId\":\"studio-8931863599-6d45c\",\"appId\":\"1:618645486004:web:199dbf50db4987171e1ae1\",\"storageBucket\":\"studio-8931863599-6d45c.firebasestorage.app\",\"apiKey\":\"AIzaSyAEWzl6-aPy1mpPHRJOFaQh_0Dw2VHd-Fk\",\"authDomain\":\"studio-8931863599-6d45c.firebaseapp.com\",\"messagingSenderId\":\"618645486004\",\"measurementId\":\"G-1W8E3KJK4B\",\"projectNumber\":\"618645486004\",\"version\":\"2\"},\"_authTokenSyncURL\":\"/__session\"}","FIREBASE_CONFIG":"{\"projectId\":\"studio-8931863599-6d45c\",\"storageBucket\":\"studio-8931863599-6d45c.firebasestorage.app\"}","GCLOUD_PROJECT":"studio-8931863599-6d45c","EVENTARC_CLOUD_EVENT_SOURCE":"projects/studio-8931863599-6d45c/locations/us-central1/services/ssrconfirjuvenilnsps","FUNCTION_TARGET":"ssrconfirjuvenilnsps","LOG_EXECUTION_ID":"true"},"ingressSettings":"ALLOW_ALL","uri":"https://ssrconfirjuvenilnsps-dwigkcf66a-uc.a.run.app","serviceAccountEmail":"618645486004-compute@developer.gserviceaccount.com","availableMemory":"256Mi","allTrafficOnLatestRevision":true,"revision":"ssrconfirjuvenilnsps-00010-qaz","maxInstanceRequestConcurrency":80,"availableCpu":"1"},"state":"ACTIVE","labels":{"deployment-tool":"cli-firebase","firebase-functions-codebase":"firebase-frameworks-confir-juvenil-nsps","firebase-functions-hash":"d5b356c74f680c325399e2d29165f41cd97caef8"},"environment":"GEN_2","url":"https://us-central1-studio-8931863599-6d45c.cloudfunctions.net/ssrconfirjuvenilnsps","satisfiesPzi":true},"stages":[{"name":"BUILD","message":"Build in progress","state":"IN_PROGRESS","resource":"projects/618645486004/locations/us-central1/builds/42037e36-183e-4446-850b-1f57f8aa63f1","resourceUri":"https://console.cloud.google.com/cloud-build/builds;region=us-central1/42037e36-183e-4446-850b-1f57f8aa63f1?project=618645486004"},{"name":"SERVICE","state":"NOT_STARTED"}],"operationType":"UPDATE_FUNCTION","buildName":"projects/618645486004/locations/us-central1/builds/42037e36-183e-4446-850b-1f57f8aa63f1"},"done":false}
[debug] [2026-04-09T17:27:16.761Z] [update-firebase-frameworks-confir-juvenil-nsps-us-central1-ssrconfirjuvenilnsps] Retrying task index 0
[debug] [2026-04-09T17:27:16.761Z] Checked if tokens are valid: true, expires at: 1775758129005
[debug] [2026-04-09T17:27:16.761Z] Checked if tokens are valid: true, expires at: 1775758129005
[debug] [2026-04-09T17:27:16.761Z] >>> [apiv2][query] GET https://cloudfunctions.googleapis.com/v2/projects/studio-8931863599-6d45c/locations/us-central1/operations/operation-1775752198208-64f0986fbba95-7a965317-cd2dbd5c [none]
[debug] [2026-04-09T17:27:17.872Z] <<< [apiv2][status] GET https://cloudfunctions.googleapis.com/v2/projects/studio-8931863599-6d45c/locations/us-central1/operations/operation-1775752198208-64f0986fbba95-7a965317-cd2dbd5c 200
[debug] [2026-04-09T17:27:17.872Z] <<< [apiv2][body] GET https://cloudfunctions.googleapis.com/v2/projects/studio-8931863599-6d45c/locations/us-central1/operations/operation-1775752198208-64f0986fbba95-7a965317-cd2dbd5c {"name":"projects/studio-8931863599-6d45c/locations/us-central1/operations/operation-1775752198208-64f0986fbba95-7a965317-cd2dbd5c","metadata":{"@type":"type.googleapis.com/google.cloud.functions.v2.OperationMetadata","createTime":"2026-04-09T16:29:59.182786233Z","target":"projects/studio-8931863599-6d45c/locations/us-central1/functions/ssrconfirjuvenilnsps","verb":"update","cancelRequested":false,"apiVersion":"v2","requestResource":{"@type":"type.googleapis.com/google.cloud.functions.v2.Function","name":"projects/studio-8931863599-6d45c/locations/us-central1/functions/ssrconfirjuvenilnsps","buildConfig":{"runtime":"nodejs24","entryPoint":"ssrconfirjuvenilnsps","source":{"storageSource":{"bucket":"gcf-v2-sources-618645486004-us-central1","object":"ssrconfirjuvenilnsps/function-source.zip","generation":"1775752199121124"}},"environmentVariables":{"GOOGLE_NODE_RUN_SCRIPTS":""},"dockerRepository":"projects/studio-8931863599-6d45c/locations/us-central1/repositories/gcf-artifacts","sourceProvenance":{"resolvedStorageSource":{"bucket":"gcf-v2-sources-618645486004-us-central1","object":"ssrconfirjuvenilnsps/function-source.zip","generation":"1775751482271435"}},"dockerRegistry":"ARTIFACT_REGISTRY","serviceAccount":"projects/studio-8931863599-6d45c/serviceAccounts/618645486004-compute@developer.gserviceaccount.com","automaticUpdatePolicy":{}},"serviceConfig":{"service":"projects/studio-8931863599-6d45c/locations/us-central1/services/ssrconfirjuvenilnsps","timeoutSeconds":60,"environmentVariables":{"VERCEL_URL":"studio-8931863599-6d45c.web.app","__FIREBASE_FRAMEWORKS_ENTRY__":"next.js","__FIREBASE_DEFAULTS__":"{\"config\":{\"projectId\":\"studio-8931863599-6d45c\",\"appId\":\"1:618645486004:web:199dbf50db4987171e1ae1\",\"storageBucket\":\"studio-8931863599-6d45c.firebasestorage.app\",\"apiKey\":\"AIzaSyAEWzl6-aPy1mpPHRJOFaQh_0Dw2VHd-Fk\",\"authDomain\":\"studio-8931863599-6d45c.firebaseapp.com\",\"messagingSenderId\":\"618645486004\",\"measurementId\":\"G-1W8E3KJK4B\",\"projectNumber\":\"618645486004\",\"version\":\"2\"},\"_authTokenSyncURL\":\"/__session\"}","FIREBASE_CONFIG":"{\"projectId\":\"studio-8931863599-6d45c\",\"storageBucket\":\"studio-8931863599-6d45c.firebasestorage.app\"}","GCLOUD_PROJECT":"studio-8931863599-6d45c","EVENTARC_CLOUD_EVENT_SOURCE":"projects/studio-8931863599-6d45c/locations/us-central1/services/ssrconfirjuvenilnsps","FUNCTION_TARGET":"ssrconfirjuvenilnsps","LOG_EXECUTION_ID":"true"},"ingressSettings":"ALLOW_ALL","uri":"https://ssrconfirjuvenilnsps-dwigkcf66a-uc.a.run.app","serviceAccountEmail":"618645486004-compute@developer.gserviceaccount.com","availableMemory":"256Mi","allTrafficOnLatestRevision":true,"revision":"ssrconfirjuvenilnsps-00010-qaz","maxInstanceRequestConcurrency":80,"availableCpu":"1"},"state":"ACTIVE","labels":{"deployment-tool":"cli-firebase","firebase-functions-codebase":"firebase-frameworks-confir-juvenil-nsps","firebase-functions-hash":"d5b356c74f680c325399e2d29165f41cd97caef8"},"environment":"GEN_2","url":"https://us-central1-studio-8931863599-6d45c.cloudfunctions.net/ssrconfirjuvenilnsps","satisfiesPzi":true},"stages":[{"name":"BUILD","message":"Build in progress","state":"IN_PROGRESS","resource":"projects/618645486004/locations/us-central1/builds/42037e36-183e-4446-850b-1f57f8aa63f1","resourceUri":"https://console.cloud.google.com/cloud-build/builds;region=us-central1/42037e36-183e-4446-850b-1f57f8aa63f1?project=618645486004"},{"name":"SERVICE","state":"NOT_STARTED"}],"operationType":"UPDATE_FUNCTION","buildName":"projects/618645486004/locations/us-central1/builds/42037e36-183e-4446-850b-1f57f8aa63f1"},"done":false}
[debug] [2026-04-09T17:27:27.877Z] [update-firebase-frameworks-confir-juvenil-nsps-us-central1-ssrconfirjuvenilnsps] Retrying task index 0
[debug] [2026-04-09T17:27:27.878Z] Checked if tokens are valid: true, expires at: 1775758129005
[debug] [2026-04-09T17:27:27.879Z] Checked if tokens are valid: true, expires at: 1775758129005
[debug] [2026-04-09T17:27:27.879Z] >>> [apiv2][query] GET https://cloudfunctions.googleapis.com/v2/projects/studio-8931863599-6d45c/locations/us-central1/operations/operation-1775752198208-64f0986fbba95-7a965317-cd2dbd5c [none]
[debug] [2026-04-09T17:27:28.988Z] <<< [apiv2][status] GET https://cloudfunctions.googleapis.com/v2/projects/studio-8931863599-6d45c/locations/us-central1/operations/operation-1775752198208-64f0986fbba95-7a965317-cd2dbd5c 200
[debug] [2026-04-09T17:27:28.988Z] <<< [apiv2][body] GET https://cloudfunctions.googleapis.com/v2/projects/studio-8931863599-6d45c/locations/us-central1/operations/operation-1775752198208-64f0986fbba95-7a965317-cd2dbd5c {"name":"projects/studio-8931863599-6d45c/locations/us-central1/operations/operation-1775752198208-64f0986fbba95-7a965317-cd2dbd5c","metadata":{"@type":"type.googleapis.com/google.cloud.functions.v2.OperationMetadata","createTime":"2026-04-09T16:29:59.182786233Z","target":"projects/studio-8931863599-6d45c/locations/us-central1/functions/ssrconfirjuvenilnsps","verb":"update","cancelRequested":false,"apiVersion":"v2","requestResource":{"@type":"type.googleapis.com/google.cloud.functions.v2.Function","name":"projects/studio-8931863599-6d45c/locations/us-central1/functions/ssrconfirjuvenilnsps","buildConfig":{"runtime":"nodejs24","entryPoint":"ssrconfirjuvenilnsps","source":{"storageSource":{"bucket":"gcf-v2-sources-618645486004-us-central1","object":"ssrconfirjuvenilnsps/function-source.zip","generation":"1775752199121124"}},"environmentVariables":{"GOOGLE_NODE_RUN_SCRIPTS":""},"dockerRepository":"projects/studio-8931863599-6d45c/locations/us-central1/repositories/gcf-artifacts","sourceProvenance":{"resolvedStorageSource":{"bucket":"gcf-v2-sources-618645486004-us-central1","object":"ssrconfirjuvenilnsps/function-source.zip","generation":"1775751482271435"}},"dockerRegistry":"ARTIFACT_REGISTRY","serviceAccount":"projects/studio-8931863599-6d45c/serviceAccounts/618645486004-compute@developer.gserviceaccount.com","automaticUpdatePolicy":{}},"serviceConfig":{"service":"projects/studio-8931863599-6d45c/locations/us-central1/services/ssrconfirjuvenilnsps","timeoutSeconds":60,"environmentVariables":{"VERCEL_URL":"studio-8931863599-6d45c.web.app","__FIREBASE_FRAMEWORKS_ENTRY__":"next.js","__FIREBASE_DEFAULTS__":"{\"config\":{\"projectId\":\"studio-8931863599-6d45c\",\"appId\":\"1:618645486004:web:199dbf50db4987171e1ae1\",\"storageBucket\":\"studio-8931863599-6d45c.firebasestorage.app\",\"apiKey\":\"AIzaSyAEWzl6-aPy1mpPHRJOFaQh_0Dw2VHd-Fk\",\"authDomain\":\"studio-8931863599-6d45c.firebaseapp.com\",\"messagingSenderId\":\"618645486004\",\"measurementId\":\"G-1W8E3KJK4B\",\"projectNumber\":\"618645486004\",\"version\":\"2\"},\"_authTokenSyncURL\":\"/__session\"}","FIREBASE_CONFIG":"{\"projectId\":\"studio-8931863599-6d45c\",\"storageBucket\":\"studio-8931863599-6d45c.firebasestorage.app\"}","GCLOUD_PROJECT":"studio-8931863599-6d45c","EVENTARC_CLOUD_EVENT_SOURCE":"projects/studio-8931863599-6d45c/locations/us-central1/services/ssrconfirjuvenilnsps","FUNCTION_TARGET":"ssrconfirjuvenilnsps","LOG_EXECUTION_ID":"true"},"ingressSettings":"ALLOW_ALL","uri":"https://ssrconfirjuvenilnsps-dwigkcf66a-uc.a.run.app","serviceAccountEmail":"618645486004-compute@developer.gserviceaccount.com","availableMemory":"256Mi","allTrafficOnLatestRevision":true,"revision":"ssrconfirjuvenilnsps-00010-qaz","maxInstanceRequestConcurrency":80,"availableCpu":"1"},"state":"ACTIVE","labels":{"deployment-tool":"cli-firebase","firebase-functions-codebase":"firebase-frameworks-confir-juvenil-nsps","firebase-functions-hash":"d5b356c74f680c325399e2d29165f41cd97caef8"},"environment":"GEN_2","url":"https://us-central1-studio-8931863599-6d45c.cloudfunctions.net/ssrconfirjuvenilnsps","satisfiesPzi":true},"stages":[{"name":"BUILD","message":"Build in progress","state":"IN_PROGRESS","resource":"projects/618645486004/locations/us-central1/builds/42037e36-183e-4446-850b-1f57f8aa63f1","resourceUri":"https://console.cloud.google.com/cloud-build/builds;region=us-central1/42037e36-183e-4446-850b-1f57f8aa63f1?project=618645486004"},{"name":"SERVICE","state":"NOT_STARTED"}],"operationType":"UPDATE_FUNCTION","buildName":"projects/618645486004/locations/us-central1/builds/42037e36-183e-4446-850b-1f57f8aa63f1"},"done":false}
[debug] [2026-04-09T17:27:39.004Z] [update-firebase-frameworks-confir-juvenil-nsps-us-central1-ssrconfirjuvenilnsps] Retrying task index 0
[debug] [2026-04-09T17:27:39.004Z] Checked if tokens are valid: true, expires at: 1775758129005
[debug] [2026-04-09T17:27:39.005Z] Checked if tokens are valid: true, expires at: 1775758129005
[debug] [2026-04-09T17:27:39.005Z] >>> [apiv2][query] GET https://cloudfunctions.googleapis.com/v2/projects/studio-8931863599-6d45c/locations/us-central1/operations/operation-1775752198208-64f0986fbba95-7a965317-cd2dbd5c [none]
[debug] [2026-04-09T17:27:40.082Z] <<< [apiv2][status] GET https://cloudfunctions.googleapis.com/v2/projects/studio-8931863599-6d45c/locations/us-central1/operations/operation-1775752198208-64f0986fbba95-7a965317-cd2dbd5c 200
[debug] [2026-04-09T17:27:40.082Z] <<< [apiv2][body] GET https://cloudfunctions.googleapis.com/v2/projects/studio-8931863599-6d45c/locations/us-central1/operations/operation-1775752198208-64f0986fbba95-7a965317-cd2dbd5c {"name":"projects/studio-8931863599-6d45c/locations/us-central1/operations/operation-1775752198208-64f0986fbba95-7a965317-cd2dbd5c","metadata":{"@type":"type.googleapis.com/google.cloud.functions.v2.OperationMetadata","createTime":"2026-04-09T16:29:59.182786233Z","target":"projects/studio-8931863599-6d45c/locations/us-central1/functions/ssrconfirjuvenilnsps","verb":"update","cancelRequested":false,"apiVersion":"v2","requestResource":{"@type":"type.googleapis.com/google.cloud.functions.v2.Function","name":"projects/studio-8931863599-6d45c/locations/us-central1/functions/ssrconfirjuvenilnsps","buildConfig":{"runtime":"nodejs24","entryPoint":"ssrconfirjuvenilnsps","source":{"storageSource":{"bucket":"gcf-v2-sources-618645486004-us-central1","object":"ssrconfirjuvenilnsps/function-source.zip","generation":"1775752199121124"}},"environmentVariables":{"GOOGLE_NODE_RUN_SCRIPTS":""},"dockerRepository":"projects/studio-8931863599-6d45c/locations/us-central1/repositories/gcf-artifacts","sourceProvenance":{"resolvedStorageSource":{"bucket":"gcf-v2-sources-618645486004-us-central1","object":"ssrconfirjuvenilnsps/function-source.zip","generation":"1775751482271435"}},"dockerRegistry":"ARTIFACT_REGISTRY","serviceAccount":"projects/studio-8931863599-6d45c/serviceAccounts/618645486004-compute@developer.gserviceaccount.com","automaticUpdatePolicy":{}},"serviceConfig":{"service":"projects/studio-8931863599-6d45c/locations/us-central1/services/ssrconfirjuvenilnsps","timeoutSeconds":60,"environmentVariables":{"VERCEL_URL":"studio-8931863599-6d45c.web.app","__FIREBASE_FRAMEWORKS_ENTRY__":"next.js","__FIREBASE_DEFAULTS__":"{\"config\":{\"projectId\":\"studio-8931863599-6d45c\",\"appId\":\"1:618645486004:web:199dbf50db4987171e1ae1\",\"storageBucket\":\"studio-8931863599-6d45c.firebasestorage.app\",\"apiKey\":\"AIzaSyAEWzl6-aPy1mpPHRJOFaQh_0Dw2VHd-Fk\",\"authDomain\":\"studio-8931863599-6d45c.firebaseapp.com\",\"messagingSenderId\":\"618645486004\",\"measurementId\":\"G-1W8E3KJK4B\",\"projectNumber\":\"618645486004\",\"version\":\"2\"},\"_authTokenSyncURL\":\"/__session\"}","FIREBASE_CONFIG":"{\"projectId\":\"studio-8931863599-6d45c\",\"storageBucket\":\"studio-8931863599-6d45c.firebasestorage.app\"}","GCLOUD_PROJECT":"studio-8931863599-6d45c","EVENTARC_CLOUD_EVENT_SOURCE":"projects/studio-8931863599-6d45c/locations/us-central1/services/ssrconfirjuvenilnsps","FUNCTION_TARGET":"ssrconfirjuvenilnsps","LOG_EXECUTION_ID":"true"},"ingressSettings":"ALLOW_ALL","uri":"https://ssrconfirjuvenilnsps-dwigkcf66a-uc.a.run.app","serviceAccountEmail":"618645486004-compute@developer.gserviceaccount.com","availableMemory":"256Mi","allTrafficOnLatestRevision":true,"revision":"ssrconfirjuvenilnsps-00010-qaz","maxInstanceRequestConcurrency":80,"availableCpu":"1"},"state":"ACTIVE","labels":{"deployment-tool":"cli-firebase","firebase-functions-codebase":"firebase-frameworks-confir-juvenil-nsps","firebase-functions-hash":"d5b356c74f680c325399e2d29165f41cd97caef8"},"environment":"GEN_2","url":"https://us-central1-studio-8931863599-6d45c.cloudfunctions.net/ssrconfirjuvenilnsps","satisfiesPzi":true},"stages":[{"name":"BUILD","message":"Build in progress","state":"IN_PROGRESS","resource":"projects/618645486004/locations/us-central1/builds/42037e36-183e-4446-850b-1f57f8aa63f1","resourceUri":"https://console.cloud.google.com/cloud-build/builds;region=us-central1/42037e36-183e-4446-850b-1f57f8aa63f1?project=618645486004"},{"name":"SERVICE","state":"NOT_STARTED"}],"operationType":"UPDATE_FUNCTION","buildName":"projects/618645486004/locations/us-central1/builds/42037e36-183e-4446-850b-1f57f8aa63f1"},"done":false}
[debug] [2026-04-09T17:27:50.089Z] [update-firebase-frameworks-confir-juvenil-nsps-us-central1-ssrconfirjuvenilnsps] Retrying task index 0
[debug] [2026-04-09T17:27:50.090Z] Checked if tokens are valid: true, expires at: 1775758129005
[debug] [2026-04-09T17:27:50.090Z] Checked if tokens are valid: true, expires at: 1775758129005
[debug] [2026-04-09T17:27:50.090Z] >>> [apiv2][query] GET https://cloudfunctions.googleapis.com/v2/projects/studio-8931863599-6d45c/locations/us-central1/operations/operation-1775752198208-64f0986fbba95-7a965317-cd2dbd5c [none]
[debug] [2026-04-09T17:27:51.161Z] <<< [apiv2][status] GET https://cloudfunctions.googleapis.com/v2/projects/studio-8931863599-6d45c/locations/us-central1/operations/operation-1775752198208-64f0986fbba95-7a965317-cd2dbd5c 200
[debug] [2026-04-09T17:27:51.161Z] <<< [apiv2][body] GET https://cloudfunctions.googleapis.com/v2/projects/studio-8931863599-6d45c/locations/us-central1/operations/operation-1775752198208-64f0986fbba95-7a965317-cd2dbd5c {"name":"projects/studio-8931863599-6d45c/locations/us-central1/operations/operation-1775752198208-64f0986fbba95-7a965317-cd2dbd5c","metadata":{"@type":"type.googleapis.com/google.cloud.functions.v2.OperationMetadata","createTime":"2026-04-09T16:29:59.182786233Z","target":"projects/studio-8931863599-6d45c/locations/us-central1/functions/ssrconfirjuvenilnsps","verb":"update","cancelRequested":false,"apiVersion":"v2","requestResource":{"@type":"type.googleapis.com/google.cloud.functions.v2.Function","name":"projects/studio-8931863599-6d45c/locations/us-central1/functions/ssrconfirjuvenilnsps","buildConfig":{"runtime":"nodejs24","entryPoint":"ssrconfirjuvenilnsps","source":{"storageSource":{"bucket":"gcf-v2-sources-618645486004-us-central1","object":"ssrconfirjuvenilnsps/function-source.zip","generation":"1775752199121124"}},"environmentVariables":{"GOOGLE_NODE_RUN_SCRIPTS":""},"dockerRepository":"projects/studio-8931863599-6d45c/locations/us-central1/repositories/gcf-artifacts","sourceProvenance":{"resolvedStorageSource":{"bucket":"gcf-v2-sources-618645486004-us-central1","object":"ssrconfirjuvenilnsps/function-source.zip","generation":"1775751482271435"}},"dockerRegistry":"ARTIFACT_REGISTRY","serviceAccount":"projects/studio-8931863599-6d45c/serviceAccounts/618645486004-compute@developer.gserviceaccount.com","automaticUpdatePolicy":{}},"serviceConfig":{"service":"projects/studio-8931863599-6d45c/locations/us-central1/services/ssrconfirjuvenilnsps","timeoutSeconds":60,"environmentVariables":{"VERCEL_URL":"studio-8931863599-6d45c.web.app","__FIREBASE_FRAMEWORKS_ENTRY__":"next.js","__FIREBASE_DEFAULTS__":"{\"config\":{\"projectId\":\"studio-8931863599-6d45c\",\"appId\":\"1:618645486004:web:199dbf50db4987171e1ae1\",\"storageBucket\":\"studio-8931863599-6d45c.firebasestorage.app\",\"apiKey\":\"AIzaSyAEWzl6-aPy1mpPHRJOFaQh_0Dw2VHd-Fk\",\"authDomain\":\"studio-8931863599-6d45c.firebaseapp.com\",\"messagingSenderId\":\"618645486004\",\"measurementId\":\"G-1W8E3KJK4B\",\"projectNumber\":\"618645486004\",\"version\":\"2\"},\"_authTokenSyncURL\":\"/__session\"}","FIREBASE_CONFIG":"{\"projectId\":\"studio-8931863599-6d45c\",\"storageBucket\":\"studio-8931863599-6d45c.firebasestorage.app\"}","GCLOUD_PROJECT":"studio-8931863599-6d45c","EVENTARC_CLOUD_EVENT_SOURCE":"projects/studio-8931863599-6d45c/locations/us-central1/services/ssrconfirjuvenilnsps","FUNCTION_TARGET":"ssrconfirjuvenilnsps","LOG_EXECUTION_ID":"true"},"ingressSettings":"ALLOW_ALL","uri":"https://ssrconfirjuvenilnsps-dwigkcf66a-uc.a.run.app","serviceAccountEmail":"618645486004-compute@developer.gserviceaccount.com","availableMemory":"256Mi","allTrafficOnLatestRevision":true,"revision":"ssrconfirjuvenilnsps-00010-qaz","maxInstanceRequestConcurrency":80,"availableCpu":"1"},"state":"ACTIVE","labels":{"deployment-tool":"cli-firebase","firebase-functions-codebase":"firebase-frameworks-confir-juvenil-nsps","firebase-functions-hash":"d5b356c74f680c325399e2d29165f41cd97caef8"},"environment":"GEN_2","url":"https://us-central1-studio-8931863599-6d45c.cloudfunctions.net/ssrconfirjuvenilnsps","satisfiesPzi":true},"stages":[{"name":"BUILD","message":"Build in progress","state":"IN_PROGRESS","resource":"projects/618645486004/locations/us-central1/builds/42037e36-183e-4446-850b-1f57f8aa63f1","resourceUri":"https://console.cloud.google.com/cloud-build/builds;region=us-central1/42037e36-183e-4446-850b-1f57f8aa63f1?project=618645486004"},{"name":"SERVICE","state":"NOT_STARTED"}],"operationType":"UPDATE_FUNCTION","buildName":"projects/618645486004/locations/us-central1/builds/42037e36-183e-4446-850b-1f57f8aa63f1"},"done":false}
[debug] [2026-04-09T17:28:01.171Z] [update-firebase-frameworks-confir-juvenil-nsps-us-central1-ssrconfirjuvenilnsps] Retrying task index 0
[debug] [2026-04-09T17:28:01.172Z] Checked if tokens are valid: true, expires at: 1775758129005
[debug] [2026-04-09T17:28:01.172Z] Checked if tokens are valid: true, expires at: 1775758129005
[debug] [2026-04-09T17:28:01.173Z] >>> [apiv2][query] GET https://cloudfunctions.googleapis.com/v2/projects/studio-8931863599-6d45c/locations/us-central1/operations/operation-1775752198208-64f0986fbba95-7a965317-cd2dbd5c [none]
[debug] [2026-04-09T17:28:02.215Z] <<< [apiv2][status] GET https://cloudfunctions.googleapis.com/v2/projects/studio-8931863599-6d45c/locations/us-central1/operations/operation-1775752198208-64f0986fbba95-7a965317-cd2dbd5c 200
[debug] [2026-04-09T17:28:02.215Z] <<< [apiv2][body] GET https://cloudfunctions.googleapis.com/v2/projects/studio-8931863599-6d45c/locations/us-central1/operations/operation-1775752198208-64f0986fbba95-7a965317-cd2dbd5c {"name":"projects/studio-8931863599-6d45c/locations/us-central1/operations/operation-1775752198208-64f0986fbba95-7a965317-cd2dbd5c","metadata":{"@type":"type.googleapis.com/google.cloud.functions.v2.OperationMetadata","createTime":"2026-04-09T16:29:59.182786233Z","target":"projects/studio-8931863599-6d45c/locations/us-central1/functions/ssrconfirjuvenilnsps","verb":"update","cancelRequested":false,"apiVersion":"v2","requestResource":{"@type":"type.googleapis.com/google.cloud.functions.v2.Function","name":"projects/studio-8931863599-6d45c/locations/us-central1/functions/ssrconfirjuvenilnsps","buildConfig":{"runtime":"nodejs24","entryPoint":"ssrconfirjuvenilnsps","source":{"storageSource":{"bucket":"gcf-v2-sources-618645486004-us-central1","object":"ssrconfirjuvenilnsps/function-source.zip","generation":"1775752199121124"}},"environmentVariables":{"GOOGLE_NODE_RUN_SCRIPTS":""},"dockerRepository":"projects/studio-8931863599-6d45c/locations/us-central1/repositories/gcf-artifacts","sourceProvenance":{"resolvedStorageSource":{"bucket":"gcf-v2-sources-618645486004-us-central1","object":"ssrconfirjuvenilnsps/function-source.zip","generation":"1775751482271435"}},"dockerRegistry":"ARTIFACT_REGISTRY","serviceAccount":"projects/studio-8931863599-6d45c/serviceAccounts/618645486004-compute@developer.gserviceaccount.com","automaticUpdatePolicy":{}},"serviceConfig":{"service":"projects/studio-8931863599-6d45c/locations/us-central1/services/ssrconfirjuvenilnsps","timeoutSeconds":60,"environmentVariables":{"VERCEL_URL":"studio-8931863599-6d45c.web.app","__FIREBASE_FRAMEWORKS_ENTRY__":"next.js","__FIREBASE_DEFAULTS__":"{\"config\":{\"projectId\":\"studio-8931863599-6d45c\",\"appId\":\"1:618645486004:web:199dbf50db4987171e1ae1\",\"storageBucket\":\"studio-8931863599-6d45c.firebasestorage.app\",\"apiKey\":\"AIzaSyAEWzl6-aPy1mpPHRJOFaQh_0Dw2VHd-Fk\",\"authDomain\":\"studio-8931863599-6d45c.firebaseapp.com\",\"messagingSenderId\":\"618645486004\",\"measurementId\":\"G-1W8E3KJK4B\",\"projectNumber\":\"618645486004\",\"version\":\"2\"},\"_authTokenSyncURL\":\"/__session\"}","FIREBASE_CONFIG":"{\"projectId\":\"studio-8931863599-6d45c\",\"storageBucket\":\"studio-8931863599-6d45c.firebasestorage.app\"}","GCLOUD_PROJECT":"studio-8931863599-6d45c","EVENTARC_CLOUD_EVENT_SOURCE":"projects/studio-8931863599-6d45c/locations/us-central1/services/ssrconfirjuvenilnsps","FUNCTION_TARGET":"ssrconfirjuvenilnsps","LOG_EXECUTION_ID":"true"},"ingressSettings":"ALLOW_ALL","uri":"https://ssrconfirjuvenilnsps-dwigkcf66a-uc.a.run.app","serviceAccountEmail":"618645486004-compute@developer.gserviceaccount.com","availableMemory":"256Mi","allTrafficOnLatestRevision":true,"revision":"ssrconfirjuvenilnsps-00010-qaz","maxInstanceRequestConcurrency":80,"availableCpu":"1"},"state":"ACTIVE","labels":{"deployment-tool":"cli-firebase","firebase-functions-codebase":"firebase-frameworks-confir-juvenil-nsps","firebase-functions-hash":"d5b356c74f680c325399e2d29165f41cd97caef8"},"environment":"GEN_2","url":"https://us-central1-studio-8931863599-6d45c.cloudfunctions.net/ssrconfirjuvenilnsps","satisfiesPzi":true},"stages":[{"name":"BUILD","message":"Build in progress","state":"IN_PROGRESS","resource":"projects/618645486004/locations/us-central1/builds/42037e36-183e-4446-850b-1f57f8aa63f1","resourceUri":"https://console.cloud.google.com/cloud-build/builds;region=us-central1/42037e36-183e-4446-850b-1f57f8aa63f1?project=618645486004"},{"name":"SERVICE","state":"NOT_STARTED"}],"operationType":"UPDATE_FUNCTION","buildName":"projects/618645486004/locations/us-central1/builds/42037e36-183e-4446-850b-1f57f8aa63f1"},"done":false}
[debug] [2026-04-09T17:28:12.219Z] [update-firebase-frameworks-confir-juvenil-nsps-us-central1-ssrconfirjuvenilnsps] Retrying task index 0
[debug] [2026-04-09T17:28:12.220Z] Checked if tokens are valid: true, expires at: 1775758129005
[debug] [2026-04-09T17:28:12.220Z] Checked if tokens are valid: true, expires at: 1775758129005
[debug] [2026-04-09T17:28:12.220Z] >>> [apiv2][query] GET https://cloudfunctions.googleapis.com/v2/projects/studio-8931863599-6d45c/locations/us-central1/operations/operation-1775752198208-64f0986fbba95-7a965317-cd2dbd5c [none]
[debug] [2026-04-09T17:28:13.322Z] <<< [apiv2][status] GET https://cloudfunctions.googleapis.com/v2/projects/studio-8931863599-6d45c/locations/us-central1/operations/operation-1775752198208-64f0986fbba95-7a965317-cd2dbd5c 200
[debug] [2026-04-09T17:28:13.323Z] <<< [apiv2][body] GET https://cloudfunctions.googleapis.com/v2/projects/studio-8931863599-6d45c/locations/us-central1/operations/operation-1775752198208-64f0986fbba95-7a965317-cd2dbd5c {"name":"projects/studio-8931863599-6d45c/locations/us-central1/operations/operation-1775752198208-64f0986fbba95-7a965317-cd2dbd5c","metadata":{"@type":"type.googleapis.com/google.cloud.functions.v2.OperationMetadata","createTime":"2026-04-09T16:29:59.182786233Z","target":"projects/studio-8931863599-6d45c/locations/us-central1/functions/ssrconfirjuvenilnsps","verb":"update","cancelRequested":false,"apiVersion":"v2","requestResource":{"@type":"type.googleapis.com/google.cloud.functions.v2.Function","name":"projects/studio-8931863599-6d45c/locations/us-central1/functions/ssrconfirjuvenilnsps","buildConfig":{"runtime":"nodejs24","entryPoint":"ssrconfirjuvenilnsps","source":{"storageSource":{"bucket":"gcf-v2-sources-618645486004-us-central1","object":"ssrconfirjuvenilnsps/function-source.zip","generation":"1775752199121124"}},"environmentVariables":{"GOOGLE_NODE_RUN_SCRIPTS":""},"dockerRepository":"projects/studio-8931863599-6d45c/locations/us-central1/repositories/gcf-artifacts","sourceProvenance":{"resolvedStorageSource":{"bucket":"gcf-v2-sources-618645486004-us-central1","object":"ssrconfirjuvenilnsps/function-source.zip","generation":"1775751482271435"}},"dockerRegistry":"ARTIFACT_REGISTRY","serviceAccount":"projects/studio-8931863599-6d45c/serviceAccounts/618645486004-compute@developer.gserviceaccount.com","automaticUpdatePolicy":{}},"serviceConfig":{"service":"projects/studio-8931863599-6d45c/locations/us-central1/services/ssrconfirjuvenilnsps","timeoutSeconds":60,"environmentVariables":{"VERCEL_URL":"studio-8931863599-6d45c.web.app","__FIREBASE_FRAMEWORKS_ENTRY__":"next.js","__FIREBASE_DEFAULTS__":"{\"config\":{\"projectId\":\"studio-8931863599-6d45c\",\"appId\":\"1:618645486004:web:199dbf50db4987171e1ae1\",\"storageBucket\":\"studio-8931863599-6d45c.firebasestorage.app\",\"apiKey\":\"AIzaSyAEWzl6-aPy1mpPHRJOFaQh_0Dw2VHd-Fk\",\"authDomain\":\"studio-8931863599-6d45c.firebaseapp.com\",\"messagingSenderId\":\"618645486004\",\"measurementId\":\"G-1W8E3KJK4B\",\"projectNumber\":\"618645486004\",\"version\":\"2\"},\"_authTokenSyncURL\":\"/__session\"}","FIREBASE_CONFIG":"{\"projectId\":\"studio-8931863599-6d45c\",\"storageBucket\":\"studio-8931863599-6d45c.firebasestorage.app\"}","GCLOUD_PROJECT":"studio-8931863599-6d45c","EVENTARC_CLOUD_EVENT_SOURCE":"projects/studio-8931863599-6d45c/locations/us-central1/services/ssrconfirjuvenilnsps","FUNCTION_TARGET":"ssrconfirjuvenilnsps","LOG_EXECUTION_ID":"true"},"ingressSettings":"ALLOW_ALL","uri":"https://ssrconfirjuvenilnsps-dwigkcf66a-uc.a.run.app","serviceAccountEmail":"618645486004-compute@developer.gserviceaccount.com","availableMemory":"256Mi","allTrafficOnLatestRevision":true,"revision":"ssrconfirjuvenilnsps-00010-qaz","maxInstanceRequestConcurrency":80,"availableCpu":"1"},"state":"ACTIVE","labels":{"deployment-tool":"cli-firebase","firebase-functions-codebase":"firebase-frameworks-confir-juvenil-nsps","firebase-functions-hash":"d5b356c74f680c325399e2d29165f41cd97caef8"},"environment":"GEN_2","url":"https://us-central1-studio-8931863599-6d45c.cloudfunctions.net/ssrconfirjuvenilnsps","satisfiesPzi":true},"stages":[{"name":"BUILD","message":"Build in progress","state":"IN_PROGRESS","resource":"projects/618645486004/locations/us-central1/builds/42037e36-183e-4446-850b-1f57f8aa63f1","resourceUri":"https://console.cloud.google.com/cloud-build/builds;region=us-central1/42037e36-183e-4446-850b-1f57f8aa63f1?project=618645486004"},{"name":"SERVICE","state":"NOT_STARTED"}],"operationType":"UPDATE_FUNCTION","buildName":"projects/618645486004/locations/us-central1/builds/42037e36-183e-4446-850b-1f57f8aa63f1"},"done":false}
[debug] [2026-04-09T17:28:23.327Z] [update-firebase-frameworks-confir-juvenil-nsps-us-central1-ssrconfirjuvenilnsps] Retrying task index 0
[debug] [2026-04-09T17:28:23.328Z] Checked if tokens are valid: true, expires at: 1775758129005
[debug] [2026-04-09T17:28:23.328Z] Checked if tokens are valid: true, expires at: 1775758129005
[debug] [2026-04-09T17:28:23.328Z] >>> [apiv2][query] GET https://cloudfunctions.googleapis.com/v2/projects/studio-8931863599-6d45c/locations/us-central1/operations/operation-1775752198208-64f0986fbba95-7a965317-cd2dbd5c [none]
[debug] [2026-04-09T17:28:24.410Z] <<< [apiv2][status] GET https://cloudfunctions.googleapis.com/v2/projects/studio-8931863599-6d45c/locations/us-central1/operations/operation-1775752198208-64f0986fbba95-7a965317-cd2dbd5c 200
[debug] [2026-04-09T17:28:24.411Z] <<< [apiv2][body] GET https://cloudfunctions.googleapis.com/v2/projects/studio-8931863599-6d45c/locations/us-central1/operations/operation-1775752198208-64f0986fbba95-7a965317-cd2dbd5c {"name":"projects/studio-8931863599-6d45c/locations/us-central1/operations/operation-1775752198208-64f0986fbba95-7a965317-cd2dbd5c","metadata":{"@type":"type.googleapis.com/google.cloud.functions.v2.OperationMetadata","createTime":"2026-04-09T16:29:59.182786233Z","target":"projects/studio-8931863599-6d45c/locations/us-central1/functions/ssrconfirjuvenilnsps","verb":"update","cancelRequested":false,"apiVersion":"v2","requestResource":{"@type":"type.googleapis.com/google.cloud.functions.v2.Function","name":"projects/studio-8931863599-6d45c/locations/us-central1/functions/ssrconfirjuvenilnsps","buildConfig":{"runtime":"nodejs24","entryPoint":"ssrconfirjuvenilnsps","source":{"storageSource":{"bucket":"gcf-v2-sources-618645486004-us-central1","object":"ssrconfirjuvenilnsps/function-source.zip","generation":"1775752199121124"}},"environmentVariables":{"GOOGLE_NODE_RUN_SCRIPTS":""},"dockerRepository":"projects/studio-8931863599-6d45c/locations/us-central1/repositories/gcf-artifacts","sourceProvenance":{"resolvedStorageSource":{"bucket":"gcf-v2-sources-618645486004-us-central1","object":"ssrconfirjuvenilnsps/function-source.zip","generation":"1775751482271435"}},"dockerRegistry":"ARTIFACT_REGISTRY","serviceAccount":"projects/studio-8931863599-6d45c/serviceAccounts/618645486004-compute@developer.gserviceaccount.com","automaticUpdatePolicy":{}},"serviceConfig":{"service":"projects/studio-8931863599-6d45c/locations/us-central1/services/ssrconfirjuvenilnsps","timeoutSeconds":60,"environmentVariables":{"VERCEL_URL":"studio-8931863599-6d45c.web.app","__FIREBASE_FRAMEWORKS_ENTRY__":"next.js","__FIREBASE_DEFAULTS__":"{\"config\":{\"projectId\":\"studio-8931863599-6d45c\",\"appId\":\"1:618645486004:web:199dbf50db4987171e1ae1\",\"storageBucket\":\"studio-8931863599-6d45c.firebasestorage.app\",\"apiKey\":\"AIzaSyAEWzl6-aPy1mpPHRJOFaQh_0Dw2VHd-Fk\",\"authDomain\":\"studio-8931863599-6d45c.firebaseapp.com\",\"messagingSenderId\":\"618645486004\",\"measurementId\":\"G-1W8E3KJK4B\",\"projectNumber\":\"618645486004\",\"version\":\"2\"},\"_authTokenSyncURL\":\"/__session\"}","FIREBASE_CONFIG":"{\"projectId\":\"studio-8931863599-6d45c\",\"storageBucket\":\"studio-8931863599-6d45c.firebasestorage.app\"}","GCLOUD_PROJECT":"studio-8931863599-6d45c","EVENTARC_CLOUD_EVENT_SOURCE":"projects/studio-8931863599-6d45c/locations/us-central1/services/ssrconfirjuvenilnsps","FUNCTION_TARGET":"ssrconfirjuvenilnsps","LOG_EXECUTION_ID":"true"},"ingressSettings":"ALLOW_ALL","uri":"https://ssrconfirjuvenilnsps-dwigkcf66a-uc.a.run.app","serviceAccountEmail":"618645486004-compute@developer.gserviceaccount.com","availableMemory":"256Mi","allTrafficOnLatestRevision":true,"revision":"ssrconfirjuvenilnsps-00010-qaz","maxInstanceRequestConcurrency":80,"availableCpu":"1"},"state":"ACTIVE","labels":{"deployment-tool":"cli-firebase","firebase-functions-codebase":"firebase-frameworks-confir-juvenil-nsps","firebase-functions-hash":"d5b356c74f680c325399e2d29165f41cd97caef8"},"environment":"GEN_2","url":"https://us-central1-studio-8931863599-6d45c.cloudfunctions.net/ssrconfirjuvenilnsps","satisfiesPzi":true},"stages":[{"name":"BUILD","message":"Build in progress","state":"IN_PROGRESS","resource":"projects/618645486004/locations/us-central1/builds/42037e36-183e-4446-850b-1f57f8aa63f1","resourceUri":"https://console.cloud.google.com/cloud-build/builds;region=us-central1/42037e36-183e-4446-850b-1f57f8aa63f1?project=618645486004"},{"name":"SERVICE","state":"NOT_STARTED"}],"operationType":"UPDATE_FUNCTION","buildName":"projects/618645486004/locations/us-central1/builds/42037e36-183e-4446-850b-1f57f8aa63f1"},"done":false}
[debug] [2026-04-09T17:28:34.411Z] [update-firebase-frameworks-confir-juvenil-nsps-us-central1-ssrconfirjuvenilnsps] Retrying task index 0
[debug] [2026-04-09T17:28:34.411Z] Checked if tokens are valid: true, expires at: 1775758129005
[debug] [2026-04-09T17:28:34.412Z] Checked if tokens are valid: true, expires at: 1775758129005
[debug] [2026-04-09T17:28:34.412Z] >>> [apiv2][query] GET https://cloudfunctions.googleapis.com/v2/projects/studio-8931863599-6d45c/locations/us-central1/operations/operation-1775752198208-64f0986fbba95-7a965317-cd2dbd5c [none]
[debug] [2026-04-09T17:28:35.488Z] <<< [apiv2][status] GET https://cloudfunctions.googleapis.com/v2/projects/studio-8931863599-6d45c/locations/us-central1/operations/operation-1775752198208-64f0986fbba95-7a965317-cd2dbd5c 200
[debug] [2026-04-09T17:28:35.488Z] <<< [apiv2][body] GET https://cloudfunctions.googleapis.com/v2/projects/studio-8931863599-6d45c/locations/us-central1/operations/operation-1775752198208-64f0986fbba95-7a965317-cd2dbd5c {"name":"projects/studio-8931863599-6d45c/locations/us-central1/operations/operation-1775752198208-64f0986fbba95-7a965317-cd2dbd5c","metadata":{"@type":"type.googleapis.com/google.cloud.functions.v2.OperationMetadata","createTime":"2026-04-09T16:29:59.182786233Z","target":"projects/studio-8931863599-6d45c/locations/us-central1/functions/ssrconfirjuvenilnsps","verb":"update","cancelRequested":false,"apiVersion":"v2","requestResource":{"@type":"type.googleapis.com/google.cloud.functions.v2.Function","name":"projects/studio-8931863599-6d45c/locations/us-central1/functions/ssrconfirjuvenilnsps","buildConfig":{"runtime":"nodejs24","entryPoint":"ssrconfirjuvenilnsps","source":{"storageSource":{"bucket":"gcf-v2-sources-618645486004-us-central1","object":"ssrconfirjuvenilnsps/function-source.zip","generation":"1775752199121124"}},"environmentVariables":{"GOOGLE_NODE_RUN_SCRIPTS":""},"dockerRepository":"projects/studio-8931863599-6d45c/locations/us-central1/repositories/gcf-artifacts","sourceProvenance":{"resolvedStorageSource":{"bucket":"gcf-v2-sources-618645486004-us-central1","object":"ssrconfirjuvenilnsps/function-source.zip","generation":"1775751482271435"}},"dockerRegistry":"ARTIFACT_REGISTRY","serviceAccount":"projects/studio-8931863599-6d45c/serviceAccounts/618645486004-compute@developer.gserviceaccount.com","automaticUpdatePolicy":{}},"serviceConfig":{"service":"projects/studio-8931863599-6d45c/locations/us-central1/services/ssrconfirjuvenilnsps","timeoutSeconds":60,"environmentVariables":{"VERCEL_URL":"studio-8931863599-6d45c.web.app","__FIREBASE_FRAMEWORKS_ENTRY__":"next.js","__FIREBASE_DEFAULTS__":"{\"config\":{\"projectId\":\"studio-8931863599-6d45c\",\"appId\":\"1:618645486004:web:199dbf50db4987171e1ae1\",\"storageBucket\":\"studio-8931863599-6d45c.firebasestorage.app\",\"apiKey\":\"AIzaSyAEWzl6-aPy1mpPHRJOFaQh_0Dw2VHd-Fk\",\"authDomain\":\"studio-8931863599-6d45c.firebaseapp.com\",\"messagingSenderId\":\"618645486004\",\"measurementId\":\"G-1W8E3KJK4B\",\"projectNumber\":\"618645486004\",\"version\":\"2\"},\"_authTokenSyncURL\":\"/__session\"}","FIREBASE_CONFIG":"{\"projectId\":\"studio-8931863599-6d45c\",\"storageBucket\":\"studio-8931863599-6d45c.firebasestorage.app\"}","GCLOUD_PROJECT":"studio-8931863599-6d45c","EVENTARC_CLOUD_EVENT_SOURCE":"projects/studio-8931863599-6d45c/locations/us-central1/services/ssrconfirjuvenilnsps","FUNCTION_TARGET":"ssrconfirjuvenilnsps","LOG_EXECUTION_ID":"true"},"ingressSettings":"ALLOW_ALL","uri":"https://ssrconfirjuvenilnsps-dwigkcf66a-uc.a.run.app","serviceAccountEmail":"618645486004-compute@developer.gserviceaccount.com","availableMemory":"256Mi","allTrafficOnLatestRevision":true,"revision":"ssrconfirjuvenilnsps-00010-qaz","maxInstanceRequestConcurrency":80,"availableCpu":"1"},"state":"ACTIVE","labels":{"deployment-tool":"cli-firebase","firebase-functions-codebase":"firebase-frameworks-confir-juvenil-nsps","firebase-functions-hash":"d5b356c74f680c325399e2d29165f41cd97caef8"},"environment":"GEN_2","url":"https://us-central1-studio-8931863599-6d45c.cloudfunctions.net/ssrconfirjuvenilnsps","satisfiesPzi":true},"stages":[{"name":"BUILD","message":"Build in progress","state":"IN_PROGRESS","resource":"projects/618645486004/locations/us-central1/builds/42037e36-183e-4446-850b-1f57f8aa63f1","resourceUri":"https://console.cloud.google.com/cloud-build/builds;region=us-central1/42037e36-183e-4446-850b-1f57f8aa63f1?project=618645486004"},{"name":"SERVICE","state":"NOT_STARTED"}],"operationType":"UPDATE_FUNCTION","buildName":"projects/618645486004/locations/us-central1/builds/42037e36-183e-4446-850b-1f57f8aa63f1"},"done":false}
[debug] [2026-04-09T17:28:45.492Z] [update-firebase-frameworks-confir-juvenil-nsps-us-central1-ssrconfirjuvenilnsps] Retrying task index 0
[debug] [2026-04-09T17:28:45.493Z] Checked if tokens are valid: true, expires at: 1775758129005
[debug] [2026-04-09T17:28:45.493Z] Checked if tokens are valid: true, expires at: 1775758129005
[debug] [2026-04-09T17:28:45.493Z] >>> [apiv2][query] GET https://cloudfunctions.googleapis.com/v2/projects/studio-8931863599-6d45c/locations/us-central1/operations/operation-1775752198208-64f0986fbba95-7a965317-cd2dbd5c [none]
[debug] [2026-04-09T17:28:57.570Z] <<< [apiv2][status] GET https://cloudfunctions.googleapis.com/v2/projects/studio-8931863599-6d45c/locations/us-central1/operations/operation-1775752198208-64f0986fbba95-7a965317-cd2dbd5c 200
[debug] [2026-04-09T17:28:57.570Z] <<< [apiv2][body] GET https://cloudfunctions.googleapis.com/v2/projects/studio-8931863599-6d45c/locations/us-central1/operations/operation-1775752198208-64f0986fbba95-7a965317-cd2dbd5c {"name":"projects/studio-8931863599-6d45c/locations/us-central1/operations/operation-1775752198208-64f0986fbba95-7a965317-cd2dbd5c","metadata":{"@type":"type.googleapis.com/google.cloud.functions.v2.OperationMetadata","createTime":"2026-04-09T16:29:59.182786233Z","target":"projects/studio-8931863599-6d45c/locations/us-central1/functions/ssrconfirjuvenilnsps","verb":"update","cancelRequested":false,"apiVersion":"v2","requestResource":{"@type":"type.googleapis.com/google.cloud.functions.v2.Function","name":"projects/studio-8931863599-6d45c/locations/us-central1/functions/ssrconfirjuvenilnsps","buildConfig":{"runtime":"nodejs24","entryPoint":"ssrconfirjuvenilnsps","source":{"storageSource":{"bucket":"gcf-v2-sources-618645486004-us-central1","object":"ssrconfirjuvenilnsps/function-source.zip","generation":"1775752199121124"}},"environmentVariables":{"GOOGLE_NODE_RUN_SCRIPTS":""},"dockerRepository":"projects/studio-8931863599-6d45c/locations/us-central1/repositories/gcf-artifacts","sourceProvenance":{"resolvedStorageSource":{"bucket":"gcf-v2-sources-618645486004-us-central1","object":"ssrconfirjuvenilnsps/function-source.zip","generation":"1775751482271435"}},"dockerRegistry":"ARTIFACT_REGISTRY","serviceAccount":"projects/studio-8931863599-6d45c/serviceAccounts/618645486004-compute@developer.gserviceaccount.com","automaticUpdatePolicy":{}},"serviceConfig":{"service":"projects/studio-8931863599-6d45c/locations/us-central1/services/ssrconfirjuvenilnsps","timeoutSeconds":60,"environmentVariables":{"VERCEL_URL":"studio-8931863599-6d45c.web.app","__FIREBASE_FRAMEWORKS_ENTRY__":"next.js","__FIREBASE_DEFAULTS__":"{\"config\":{\"projectId\":\"studio-8931863599-6d45c\",\"appId\":\"1:618645486004:web:199dbf50db4987171e1ae1\",\"storageBucket\":\"studio-8931863599-6d45c.firebasestorage.app\",\"apiKey\":\"AIzaSyAEWzl6-aPy1mpPHRJOFaQh_0Dw2VHd-Fk\",\"authDomain\":\"studio-8931863599-6d45c.firebaseapp.com\",\"messagingSenderId\":\"618645486004\",\"measurementId\":\"G-1W8E3KJK4B\",\"projectNumber\":\"618645486004\",\"version\":\"2\"},\"_authTokenSyncURL\":\"/__session\"}","FIREBASE_CONFIG":"{\"projectId\":\"studio-8931863599-6d45c\",\"storageBucket\":\"studio-8931863599-6d45c.firebasestorage.app\"}","GCLOUD_PROJECT":"studio-8931863599-6d45c","EVENTARC_CLOUD_EVENT_SOURCE":"projects/studio-8931863599-6d45c/locations/us-central1/services/ssrconfirjuvenilnsps","FUNCTION_TARGET":"ssrconfirjuvenilnsps","LOG_EXECUTION_ID":"true"},"ingressSettings":"ALLOW_ALL","uri":"https://ssrconfirjuvenilnsps-dwigkcf66a-uc.a.run.app","serviceAccountEmail":"618645486004-compute@developer.gserviceaccount.com","availableMemory":"256Mi","allTrafficOnLatestRevision":true,"revision":"ssrconfirjuvenilnsps-00010-qaz","maxInstanceRequestConcurrency":80,"availableCpu":"1"},"state":"ACTIVE","labels":{"deployment-tool":"cli-firebase","firebase-functions-codebase":"firebase-frameworks-confir-juvenil-nsps","firebase-functions-hash":"d5b356c74f680c325399e2d29165f41cd97caef8"},"environment":"GEN_2","url":"https://us-central1-studio-8931863599-6d45c.cloudfunctions.net/ssrconfirjuvenilnsps","satisfiesPzi":true},"stages":[{"name":"BUILD","message":"Build finished","state":"COMPLETE","resource":"projects/618645486004/locations/us-central1/builds/42037e36-183e-4446-850b-1f57f8aa63f1","resourceUri":"https://console.cloud.google.com/cloud-build/builds;region=us-central1/42037e36-183e-4446-850b-1f57f8aa63f1?project=618645486004"},{"name":"SERVICE","state":"NOT_STARTED"}],"sourceToken":"Cldwcm9qZWN0cy82MTg2NDU0ODYwMDQvbG9jYXRpb25zL3VzLWNlbnRyYWwxL2J1aWxkcy80MjAzN2UzNi0xODNlLTQ0NDYtODUwYi0xZjU3ZjhhYTYzZjESiAF1cy1jZW50cmFsMS1kb2NrZXIucGtnLmRldi9zdHVkaW8tODkzMTg2MzU5OS02ZDQ1Yy9nY2YtYXJ0aWZhY3RzL3N0dWRpby0tODkzMTg2MzU5OS0tNmQ0NWNfX3VzLS1jZW50cmFsMV9fc3NyY29uZmlyanV2ZW5pbG5zcHM6dmVyc2lvbl8xGLTzk9GAEiJVcHJvamVjdHMvc3R1ZGlvLTg5MzE4NjM1OTktNmQ0NWMvbG9jYXRpb25zL3VzLWNlbnRyYWwxL2Z1bmN0aW9ucy9zc3Jjb25maXJqdXZlbmlsbnNwcyoMCKyp384GEJjirfsBMghub2RlanMyNDp2CiNnY3IuaW8vZ2FlLXJ1bnRpbWVzL25vZGVqczI0OnN0YWJsZRJPdXMtY2VudHJhbDEtZG9ja2VyLnBrZy5kZXYvc2VydmVybGVzcy1ydW50aW1lcy9nb29nbGUtMjQtZnVsbC9ydW50aW1lcy9ub2RlanMyNEAB","operationType":"UPDATE_FUNCTION","buildName":"projects/618645486004/locations/us-central1/builds/42037e36-183e-4446-850b-1f57f8aa63f1"},"done":false}
[debug] [2026-04-09T17:28:57.570Z] Got source token Cldwcm9qZWN0cy82MTg2NDU0ODYwMDQvbG9jYXRpb25zL3VzLWNlbnRyYWwxL2J1aWxkcy80MjAzN2UzNi0xODNlLTQ0NDYtODUwYi0xZjU3ZjhhYTYzZjESiAF1cy1jZW50cmFsMS1kb2NrZXIucGtnLmRldi9zdHVkaW8tODkzMTg2MzU5OS02ZDQ1Yy9nY2YtYXJ0aWZhY3RzL3N0dWRpby0tODkzMTg2MzU5OS0tNmQ0NWNfX3VzLS1jZW50cmFsMV9fc3NyY29uZmlyanV2ZW5pbG5zcHM6dmVyc2lvbl8xGLTzk9GAEiJVcHJvamVjdHMvc3R1ZGlvLTg5MzE4NjM1OTktNmQ0NWMvbG9jYXRpb25zL3VzLWNlbnRyYWwxL2Z1bmN0aW9ucy9zc3Jjb25maXJqdXZlbmlsbnNwcyoMCKyp384GEJjirfsBMghub2RlanMyNDp2CiNnY3IuaW8vZ2FlLXJ1bnRpbWVzL25vZGVqczI0OnN0YWJsZRJPdXMtY2VudHJhbDEtZG9ja2VyLnBrZy5kZXYvc2VydmVybGVzcy1ydW50aW1lcy9nb29nbGUtMjQtZnVsbC9ydW50aW1lcy9ub2RlanMyNEAB for region us-central1
[debug] [2026-04-09T17:29:07.583Z] [update-firebase-frameworks-confir-juvenil-nsps-us-central1-ssrconfirjuvenilnsps] Retrying task index 0
[debug] [2026-04-09T17:29:07.584Z] Checked if tokens are valid: true, expires at: 1775758129005
[debug] [2026-04-09T17:29:07.584Z] Checked if tokens are valid: true, expires at: 1775758129005
[debug] [2026-04-09T17:29:07.584Z] >>> [apiv2][query] GET https://cloudfunctions.googleapis.com/v2/projects/studio-8931863599-6d45c/locations/us-central1/operations/operation-1775752198208-64f0986fbba95-7a965317-cd2dbd5c [none]
[debug] [2026-04-09T17:29:09.015Z] <<< [apiv2][status] GET https://cloudfunctions.googleapis.com/v2/projects/studio-8931863599-6d45c/locations/us-central1/operations/operation-1775752198208-64f0986fbba95-7a965317-cd2dbd5c 200
[debug] [2026-04-09T17:29:09.016Z] <<< [apiv2][body] GET https://cloudfunctions.googleapis.com/v2/projects/studio-8931863599-6d45c/locations/us-central1/operations/operation-1775752198208-64f0986fbba95-7a965317-cd2dbd5c {"name":"projects/studio-8931863599-6d45c/locations/us-central1/operations/operation-1775752198208-64f0986fbba95-7a965317-cd2dbd5c","metadata":{"@type":"type.googleapis.com/google.cloud.functions.v2.OperationMetadata","createTime":"2026-04-09T16:29:59.182786233Z","target":"projects/studio-8931863599-6d45c/locations/us-central1/functions/ssrconfirjuvenilnsps","verb":"update","cancelRequested":false,"apiVersion":"v2","requestResource":{"@type":"type.googleapis.com/google.cloud.functions.v2.Function","name":"projects/studio-8931863599-6d45c/locations/us-central1/functions/ssrconfirjuvenilnsps","buildConfig":{"runtime":"nodejs24","entryPoint":"ssrconfirjuvenilnsps","source":{"storageSource":{"bucket":"gcf-v2-sources-618645486004-us-central1","object":"ssrconfirjuvenilnsps/function-source.zip","generation":"1775752199121124"}},"environmentVariables":{"GOOGLE_NODE_RUN_SCRIPTS":""},"dockerRepository":"projects/studio-8931863599-6d45c/locations/us-central1/repositories/gcf-artifacts","sourceProvenance":{"resolvedStorageSource":{"bucket":"gcf-v2-sources-618645486004-us-central1","object":"ssrconfirjuvenilnsps/function-source.zip","generation":"1775751482271435"}},"dockerRegistry":"ARTIFACT_REGISTRY","serviceAccount":"projects/studio-8931863599-6d45c/serviceAccounts/618645486004-compute@developer.gserviceaccount.com","automaticUpdatePolicy":{}},"serviceConfig":{"service":"projects/studio-8931863599-6d45c/locations/us-central1/services/ssrconfirjuvenilnsps","timeoutSeconds":60,"environmentVariables":{"VERCEL_URL":"studio-8931863599-6d45c.web.app","__FIREBASE_FRAMEWORKS_ENTRY__":"next.js","__FIREBASE_DEFAULTS__":"{\"config\":{\"projectId\":\"studio-8931863599-6d45c\",\"appId\":\"1:618645486004:web:199dbf50db4987171e1ae1\",\"storageBucket\":\"studio-8931863599-6d45c.firebasestorage.app\",\"apiKey\":\"AIzaSyAEWzl6-aPy1mpPHRJOFaQh_0Dw2VHd-Fk\",\"authDomain\":\"studio-8931863599-6d45c.firebaseapp.com\",\"messagingSenderId\":\"618645486004\",\"measurementId\":\"G-1W8E3KJK4B\",\"projectNumber\":\"618645486004\",\"version\":\"2\"},\"_authTokenSyncURL\":\"/__session\"}","FIREBASE_CONFIG":"{\"projectId\":\"studio-8931863599-6d45c\",\"storageBucket\":\"studio-8931863599-6d45c.firebasestorage.app\"}","GCLOUD_PROJECT":"studio-8931863599-6d45c","EVENTARC_CLOUD_EVENT_SOURCE":"projects/studio-8931863599-6d45c/locations/us-central1/services/ssrconfirjuvenilnsps","FUNCTION_TARGET":"ssrconfirjuvenilnsps","LOG_EXECUTION_ID":"true"},"ingressSettings":"ALLOW_ALL","uri":"https://ssrconfirjuvenilnsps-dwigkcf66a-uc.a.run.app","serviceAccountEmail":"618645486004-compute@developer.gserviceaccount.com","availableMemory":"256Mi","allTrafficOnLatestRevision":true,"revision":"ssrconfirjuvenilnsps-00010-qaz","maxInstanceRequestConcurrency":80,"availableCpu":"1"},"state":"ACTIVE","labels":{"deployment-tool":"cli-firebase","firebase-functions-codebase":"firebase-frameworks-confir-juvenil-nsps","firebase-functions-hash":"d5b356c74f680c325399e2d29165f41cd97caef8"},"environment":"GEN_2","url":"https://us-central1-studio-8931863599-6d45c.cloudfunctions.net/ssrconfirjuvenilnsps","satisfiesPzi":true},"stages":[{"name":"BUILD","message":"Build finished","state":"COMPLETE","resource":"projects/618645486004/locations/us-central1/builds/42037e36-183e-4446-850b-1f57f8aa63f1","resourceUri":"https://console.cloud.google.com/cloud-build/builds;region=us-central1/42037e36-183e-4446-850b-1f57f8aa63f1?project=618645486004"},{"name":"SERVICE","message":"Updating Cloud Run service","state":"IN_PROGRESS","resource":"projects/studio-8931863599-6d45c/locations/us-central1/services/ssrconfirjuvenilnsps","resourceUri":"https://console.cloud.google.com/run/detail/us-central1/ssrconfirjuvenilnsps?project=studio-8931863599-6d45c","stateMessages":[{"severity":"INFO","type":"CloudRunServiceNewRevisionTrafficInfo","message":"A new revision will be deployed serving with 100% traffic."}]}],"sourceToken":"Cldwcm9qZWN0cy82MTg2NDU0ODYwMDQvbG9jYXRpb25zL3VzLWNlbnRyYWwxL2J1aWxkcy80MjAzN2UzNi0xODNlLTQ0NDYtODUwYi0xZjU3ZjhhYTYzZjESiAF1cy1jZW50cmFsMS1kb2NrZXIucGtnLmRldi9zdHVkaW8tODkzMTg2MzU5OS02ZDQ1Yy9nY2YtYXJ0aWZhY3RzL3N0dWRpby0tODkzMTg2MzU5OS0tNmQ0NWNfX3VzLS1jZW50cmFsMV9fc3NyY29uZmlyanV2ZW5pbG5zcHM6dmVyc2lvbl8xGLTzk9GAEiJVcHJvamVjdHMvc3R1ZGlvLTg5MzE4NjM1OTktNmQ0NWMvbG9jYXRpb25zL3VzLWNlbnRyYWwxL2Z1bmN0aW9ucy9zc3Jjb25maXJqdXZlbmlsbnNwcyoMCKyp384GEJjirfsBMghub2RlanMyNDp2CiNnY3IuaW8vZ2FlLXJ1bnRpbWVzL25vZGVqczI0OnN0YWJsZRJPdXMtY2VudHJhbDEtZG9ja2VyLnBrZy5kZXYvc2VydmVybGVzcy1ydW50aW1lcy9nb29nbGUtMjQtZnVsbC9ydW50aW1lcy9ub2RlanMyNEAB","operationType":"UPDATE_FUNCTION","buildName":"projects/618645486004/locations/us-central1/builds/42037e36-183e-4446-850b-1f57f8aa63f1"},"done":false}
[debug] [2026-04-09T17:29:09.016Z] Got source token Cldwcm9qZWN0cy82MTg2NDU0ODYwMDQvbG9jYXRpb25zL3VzLWNlbnRyYWwxL2J1aWxkcy80MjAzN2UzNi0xODNlLTQ0NDYtODUwYi0xZjU3ZjhhYTYzZjESiAF1cy1jZW50cmFsMS1kb2NrZXIucGtnLmRldi9zdHVkaW8tODkzMTg2MzU5OS02ZDQ1Yy9nY2YtYXJ0aWZhY3RzL3N0dWRpby0tODkzMTg2MzU5OS0tNmQ0NWNfX3VzLS1jZW50cmFsMV9fc3NyY29uZmlyanV2ZW5pbG5zcHM6dmVyc2lvbl8xGLTzk9GAEiJVcHJvamVjdHMvc3R1ZGlvLTg5MzE4NjM1OTktNmQ0NWMvbG9jYXRpb25zL3VzLWNlbnRyYWwxL2Z1bmN0aW9ucy9zc3Jjb25maXJqdXZlbmlsbnNwcyoMCKyp384GEJjirfsBMghub2RlanMyNDp2CiNnY3IuaW8vZ2FlLXJ1bnRpbWVzL25vZGVqczI0OnN0YWJsZRJPdXMtY2VudHJhbDEtZG9ja2VyLnBrZy5kZXYvc2VydmVybGVzcy1ydW50aW1lcy9nb29nbGUtMjQtZnVsbC9ydW50aW1lcy9ub2RlanMyNEAB for region us-central1
[debug] [2026-04-09T17:29:19.018Z] [update-firebase-frameworks-confir-juvenil-nsps-us-central1-ssrconfirjuvenilnsps] Retrying task index 0
[debug] [2026-04-09T17:29:19.019Z] Checked if tokens are valid: true, expires at: 1775758129005
[debug] [2026-04-09T17:29:19.019Z] Checked if tokens are valid: true, expires at: 1775758129005
[debug] [2026-04-09T17:29:19.019Z] >>> [apiv2][query] GET https://cloudfunctions.googleapis.com/v2/projects/studio-8931863599-6d45c/locations/us-central1/operations/operation-1775752198208-64f0986fbba95-7a965317-cd2dbd5c [none]
[debug] [2026-04-09T17:29:20.137Z] <<< [apiv2][status] GET https://cloudfunctions.googleapis.com/v2/projects/studio-8931863599-6d45c/locations/us-central1/operations/operation-1775752198208-64f0986fbba95-7a965317-cd2dbd5c 200
[debug] [2026-04-09T17:29:20.137Z] <<< [apiv2][body] GET https://cloudfunctions.googleapis.com/v2/projects/studio-8931863599-6d45c/locations/us-central1/operations/operation-1775752198208-64f0986fbba95-7a965317-cd2dbd5c {"name":"projects/studio-8931863599-6d45c/locations/us-central1/operations/operation-1775752198208-64f0986fbba95-7a965317-cd2dbd5c","metadata":{"@type":"type.googleapis.com/google.cloud.functions.v2.OperationMetadata","createTime":"2026-04-09T16:29:59.182786233Z","target":"projects/studio-8931863599-6d45c/locations/us-central1/functions/ssrconfirjuvenilnsps","verb":"update","cancelRequested":false,"apiVersion":"v2","requestResource":{"@type":"type.googleapis.com/google.cloud.functions.v2.Function","name":"projects/studio-8931863599-6d45c/locations/us-central1/functions/ssrconfirjuvenilnsps","buildConfig":{"runtime":"nodejs24","entryPoint":"ssrconfirjuvenilnsps","source":{"storageSource":{"bucket":"gcf-v2-sources-618645486004-us-central1","object":"ssrconfirjuvenilnsps/function-source.zip","generation":"1775752199121124"}},"environmentVariables":{"GOOGLE_NODE_RUN_SCRIPTS":""},"dockerRepository":"projects/studio-8931863599-6d45c/locations/us-central1/repositories/gcf-artifacts","sourceProvenance":{"resolvedStorageSource":{"bucket":"gcf-v2-sources-618645486004-us-central1","object":"ssrconfirjuvenilnsps/function-source.zip","generation":"1775751482271435"}},"dockerRegistry":"ARTIFACT_REGISTRY","serviceAccount":"projects/studio-8931863599-6d45c/serviceAccounts/618645486004-compute@developer.gserviceaccount.com","automaticUpdatePolicy":{}},"serviceConfig":{"service":"projects/studio-8931863599-6d45c/locations/us-central1/services/ssrconfirjuvenilnsps","timeoutSeconds":60,"environmentVariables":{"VERCEL_URL":"studio-8931863599-6d45c.web.app","__FIREBASE_FRAMEWORKS_ENTRY__":"next.js","__FIREBASE_DEFAULTS__":"{\"config\":{\"projectId\":\"studio-8931863599-6d45c\",\"appId\":\"1:618645486004:web:199dbf50db4987171e1ae1\",\"storageBucket\":\"studio-8931863599-6d45c.firebasestorage.app\",\"apiKey\":\"AIzaSyAEWzl6-aPy1mpPHRJOFaQh_0Dw2VHd-Fk\",\"authDomain\":\"studio-8931863599-6d45c.firebaseapp.com\",\"messagingSenderId\":\"618645486004\",\"measurementId\":\"G-1W8E3KJK4B\",\"projectNumber\":\"618645486004\",\"version\":\"2\"},\"_authTokenSyncURL\":\"/__session\"}","FIREBASE_CONFIG":"{\"projectId\":\"studio-8931863599-6d45c\",\"storageBucket\":\"studio-8931863599-6d45c.firebasestorage.app\"}","GCLOUD_PROJECT":"studio-8931863599-6d45c","EVENTARC_CLOUD_EVENT_SOURCE":"projects/studio-8931863599-6d45c/locations/us-central1/services/ssrconfirjuvenilnsps","FUNCTION_TARGET":"ssrconfirjuvenilnsps","LOG_EXECUTION_ID":"true"},"ingressSettings":"ALLOW_ALL","uri":"https://ssrconfirjuvenilnsps-dwigkcf66a-uc.a.run.app","serviceAccountEmail":"618645486004-compute@developer.gserviceaccount.com","availableMemory":"256Mi","allTrafficOnLatestRevision":true,"revision":"ssrconfirjuvenilnsps-00010-qaz","maxInstanceRequestConcurrency":80,"availableCpu":"1"},"state":"ACTIVE","labels":{"deployment-tool":"cli-firebase","firebase-functions-codebase":"firebase-frameworks-confir-juvenil-nsps","firebase-functions-hash":"d5b356c74f680c325399e2d29165f41cd97caef8"},"environment":"GEN_2","url":"https://us-central1-studio-8931863599-6d45c.cloudfunctions.net/ssrconfirjuvenilnsps","satisfiesPzi":true},"stages":[{"name":"BUILD","message":"Build finished","state":"COMPLETE","resource":"projects/618645486004/locations/us-central1/builds/42037e36-183e-4446-850b-1f57f8aa63f1","resourceUri":"https://console.cloud.google.com/cloud-build/builds;region=us-central1/42037e36-183e-4446-850b-1f57f8aa63f1?project=618645486004"},{"name":"SERVICE","message":"Updating Cloud Run service","state":"IN_PROGRESS","resource":"projects/studio-8931863599-6d45c/locations/us-central1/services/ssrconfirjuvenilnsps","resourceUri":"https://console.cloud.google.com/run/detail/us-central1/ssrconfirjuvenilnsps?project=studio-8931863599-6d45c","stateMessages":[{"severity":"INFO","type":"CloudRunServiceNewRevisionTrafficInfo","message":"A new revision will be deployed serving with 100% traffic."}]}],"sourceToken":"Cldwcm9qZWN0cy82MTg2NDU0ODYwMDQvbG9jYXRpb25zL3VzLWNlbnRyYWwxL2J1aWxkcy80MjAzN2UzNi0xODNlLTQ0NDYtODUwYi0xZjU3ZjhhYTYzZjESiAF1cy1jZW50cmFsMS1kb2NrZXIucGtnLmRldi9zdHVkaW8tODkzMTg2MzU5OS02ZDQ1Yy9nY2YtYXJ0aWZhY3RzL3N0dWRpby0tODkzMTg2MzU5OS0tNmQ0NWNfX3VzLS1jZW50cmFsMV9fc3NyY29uZmlyanV2ZW5pbG5zcHM6dmVyc2lvbl8xGLTzk9GAEiJVcHJvamVjdHMvc3R1ZGlvLTg5MzE4NjM1OTktNmQ0NWMvbG9jYXRpb25zL3VzLWNlbnRyYWwxL2Z1bmN0aW9ucy9zc3Jjb25maXJqdXZlbmlsbnNwcyoMCKyp384GEJjirfsBMghub2RlanMyNDp2CiNnY3IuaW8vZ2FlLXJ1bnRpbWVzL25vZGVqczI0OnN0YWJsZRJPdXMtY2VudHJhbDEtZG9ja2VyLnBrZy5kZXYvc2VydmVybGVzcy1ydW50aW1lcy9nb29nbGUtMjQtZnVsbC9ydW50aW1lcy9ub2RlanMyNEAB","operationType":"UPDATE_FUNCTION","buildName":"projects/618645486004/locations/us-central1/builds/42037e36-183e-4446-850b-1f57f8aa63f1"},"done":false}
[debug] [2026-04-09T17:29:20.137Z] Got source token Cldwcm9qZWN0cy82MTg2NDU0ODYwMDQvbG9jYXRpb25zL3VzLWNlbnRyYWwxL2J1aWxkcy80MjAzN2UzNi0xODNlLTQ0NDYtODUwYi0xZjU3ZjhhYTYzZjESiAF1cy1jZW50cmFsMS1kb2NrZXIucGtnLmRldi9zdHVkaW8tODkzMTg2MzU5OS02ZDQ1Yy9nY2YtYXJ0aWZhY3RzL3N0dWRpby0tODkzMTg2MzU5OS0tNmQ0NWNfX3VzLS1jZW50cmFsMV9fc3NyY29uZmlyanV2ZW5pbG5zcHM6dmVyc2lvbl8xGLTzk9GAEiJVcHJvamVjdHMvc3R1ZGlvLTg5MzE4NjM1OTktNmQ0NWMvbG9jYXRpb25zL3VzLWNlbnRyYWwxL2Z1bmN0aW9ucy9zc3Jjb25maXJqdXZlbmlsbnNwcyoMCKyp384GEJjirfsBMghub2RlanMyNDp2CiNnY3IuaW8vZ2FlLXJ1bnRpbWVzL25vZGVqczI0OnN0YWJsZRJPdXMtY2VudHJhbDEtZG9ja2VyLnBrZy5kZXYvc2VydmVybGVzcy1ydW50aW1lcy9nb29nbGUtMjQtZnVsbC9ydW50aW1lcy9ub2RlanMyNEAB for region us-central1
[debug] [2026-04-09T17:29:30.138Z] [update-firebase-frameworks-confir-juvenil-nsps-us-central1-ssrconfirjuvenilnsps] Retrying task index 0
[debug] [2026-04-09T17:29:30.138Z] Checked if tokens are valid: true, expires at: 1775758129005
[debug] [2026-04-09T17:29:30.138Z] Checked if tokens are valid: true, expires at: 1775758129005
[debug] [2026-04-09T17:29:30.139Z] >>> [apiv2][query] GET https://cloudfunctions.googleapis.com/v2/projects/studio-8931863599-6d45c/locations/us-central1/operations/operation-1775752198208-64f0986fbba95-7a965317-cd2dbd5c [none]
[debug] [2026-04-09T17:29:31.298Z] <<< [apiv2][status] GET https://cloudfunctions.googleapis.com/v2/projects/studio-8931863599-6d45c/locations/us-central1/operations/operation-1775752198208-64f0986fbba95-7a965317-cd2dbd5c 200
[debug] [2026-04-09T17:29:31.298Z] <<< [apiv2][body] GET https://cloudfunctions.googleapis.com/v2/projects/studio-8931863599-6d45c/locations/us-central1/operations/operation-1775752198208-64f0986fbba95-7a965317-cd2dbd5c {"name":"projects/studio-8931863599-6d45c/locations/us-central1/operations/operation-1775752198208-64f0986fbba95-7a965317-cd2dbd5c","metadata":{"@type":"type.googleapis.com/google.cloud.functions.v2.OperationMetadata","createTime":"2026-04-09T16:29:59.182786233Z","target":"projects/studio-8931863599-6d45c/locations/us-central1/functions/ssrconfirjuvenilnsps","verb":"update","cancelRequested":false,"apiVersion":"v2","requestResource":{"@type":"type.googleapis.com/google.cloud.functions.v2.Function","name":"projects/studio-8931863599-6d45c/locations/us-central1/functions/ssrconfirjuvenilnsps","buildConfig":{"runtime":"nodejs24","entryPoint":"ssrconfirjuvenilnsps","source":{"storageSource":{"bucket":"gcf-v2-sources-618645486004-us-central1","object":"ssrconfirjuvenilnsps/function-source.zip","generation":"1775752199121124"}},"environmentVariables":{"GOOGLE_NODE_RUN_SCRIPTS":""},"dockerRepository":"projects/studio-8931863599-6d45c/locations/us-central1/repositories/gcf-artifacts","sourceProvenance":{"resolvedStorageSource":{"bucket":"gcf-v2-sources-618645486004-us-central1","object":"ssrconfirjuvenilnsps/function-source.zip","generation":"1775751482271435"}},"dockerRegistry":"ARTIFACT_REGISTRY","serviceAccount":"projects/studio-8931863599-6d45c/serviceAccounts/618645486004-compute@developer.gserviceaccount.com","automaticUpdatePolicy":{}},"serviceConfig":{"service":"projects/studio-8931863599-6d45c/locations/us-central1/services/ssrconfirjuvenilnsps","timeoutSeconds":60,"environmentVariables":{"VERCEL_URL":"studio-8931863599-6d45c.web.app","__FIREBASE_FRAMEWORKS_ENTRY__":"next.js","__FIREBASE_DEFAULTS__":"{\"config\":{\"projectId\":\"studio-8931863599-6d45c\",\"appId\":\"1:618645486004:web:199dbf50db4987171e1ae1\",\"storageBucket\":\"studio-8931863599-6d45c.firebasestorage.app\",\"apiKey\":\"AIzaSyAEWzl6-aPy1mpPHRJOFaQh_0Dw2VHd-Fk\",\"authDomain\":\"studio-8931863599-6d45c.firebaseapp.com\",\"messagingSenderId\":\"618645486004\",\"measurementId\":\"G-1W8E3KJK4B\",\"projectNumber\":\"618645486004\",\"version\":\"2\"},\"_authTokenSyncURL\":\"/__session\"}","FIREBASE_CONFIG":"{\"projectId\":\"studio-8931863599-6d45c\",\"storageBucket\":\"studio-8931863599-6d45c.firebasestorage.app\"}","GCLOUD_PROJECT":"studio-8931863599-6d45c","EVENTARC_CLOUD_EVENT_SOURCE":"projects/studio-8931863599-6d45c/locations/us-central1/services/ssrconfirjuvenilnsps","FUNCTION_TARGET":"ssrconfirjuvenilnsps","LOG_EXECUTION_ID":"true"},"ingressSettings":"ALLOW_ALL","uri":"https://ssrconfirjuvenilnsps-dwigkcf66a-uc.a.run.app","serviceAccountEmail":"618645486004-compute@developer.gserviceaccount.com","availableMemory":"256Mi","allTrafficOnLatestRevision":true,"revision":"ssrconfirjuvenilnsps-00010-qaz","maxInstanceRequestConcurrency":80,"availableCpu":"1"},"state":"ACTIVE","labels":{"deployment-tool":"cli-firebase","firebase-functions-codebase":"firebase-frameworks-confir-juvenil-nsps","firebase-functions-hash":"d5b356c74f680c325399e2d29165f41cd97caef8"},"environment":"GEN_2","url":"https://us-central1-studio-8931863599-6d45c.cloudfunctions.net/ssrconfirjuvenilnsps","satisfiesPzi":true},"stages":[{"name":"BUILD","message":"Build finished","state":"COMPLETE","resource":"projects/618645486004/locations/us-central1/builds/42037e36-183e-4446-850b-1f57f8aa63f1","resourceUri":"https://console.cloud.google.com/cloud-build/builds;region=us-central1/42037e36-183e-4446-850b-1f57f8aa63f1?project=618645486004"},{"name":"SERVICE","message":"Updating Cloud Run service","state":"IN_PROGRESS","resource":"projects/studio-8931863599-6d45c/locations/us-central1/services/ssrconfirjuvenilnsps","resourceUri":"https://console.cloud.google.com/run/detail/us-central1/ssrconfirjuvenilnsps?project=studio-8931863599-6d45c","stateMessages":[{"severity":"INFO","type":"CloudRunServiceNewRevisionTrafficInfo","message":"A new revision will be deployed serving with 100% traffic."}]}],"sourceToken":"Cldwcm9qZWN0cy82MTg2NDU0ODYwMDQvbG9jYXRpb25zL3VzLWNlbnRyYWwxL2J1aWxkcy80MjAzN2UzNi0xODNlLTQ0NDYtODUwYi0xZjU3ZjhhYTYzZjESiAF1cy1jZW50cmFsMS1kb2NrZXIucGtnLmRldi9zdHVkaW8tODkzMTg2MzU5OS02ZDQ1Yy9nY2YtYXJ0aWZhY3RzL3N0dWRpby0tODkzMTg2MzU5OS0tNmQ0NWNfX3VzLS1jZW50cmFsMV9fc3NyY29uZmlyanV2ZW5pbG5zcHM6dmVyc2lvbl8xGLTzk9GAEiJVcHJvamVjdHMvc3R1ZGlvLTg5MzE4NjM1OTktNmQ0NWMvbG9jYXRpb25zL3VzLWNlbnRyYWwxL2Z1bmN0aW9ucy9zc3Jjb25maXJqdXZlbmlsbnNwcyoMCKyp384GEJjirfsBMghub2RlanMyNDp2CiNnY3IuaW8vZ2FlLXJ1bnRpbWVzL25vZGVqczI0OnN0YWJsZRJPdXMtY2VudHJhbDEtZG9ja2VyLnBrZy5kZXYvc2VydmVybGVzcy1ydW50aW1lcy9nb29nbGUtMjQtZnVsbC9ydW50aW1lcy9ub2RlanMyNEAB","operationType":"UPDATE_FUNCTION","buildName":"projects/618645486004/locations/us-central1/builds/42037e36-183e-4446-850b-1f57f8aa63f1"},"done":false}
[debug] [2026-04-09T17:29:31.298Z] Got source token Cldwcm9qZWN0cy82MTg2NDU0ODYwMDQvbG9jYXRpb25zL3VzLWNlbnRyYWwxL2J1aWxkcy80MjAzN2UzNi0xODNlLTQ0NDYtODUwYi0xZjU3ZjhhYTYzZjESiAF1cy1jZW50cmFsMS1kb2NrZXIucGtnLmRldi9zdHVkaW8tODkzMTg2MzU5OS02ZDQ1Yy9nY2YtYXJ0aWZhY3RzL3N0dWRpby0tODkzMTg2MzU5OS0tNmQ0NWNfX3VzLS1jZW50cmFsMV9fc3NyY29uZmlyanV2ZW5pbG5zcHM6dmVyc2lvbl8xGLTzk9GAEiJVcHJvamVjdHMvc3R1ZGlvLTg5MzE4NjM1OTktNmQ0NWMvbG9jYXRpb25zL3VzLWNlbnRyYWwxL2Z1bmN0aW9ucy9zc3Jjb25maXJqdXZlbmlsbnNwcyoMCKyp384GEJjirfsBMghub2RlanMyNDp2CiNnY3IuaW8vZ2FlLXJ1bnRpbWVzL25vZGVqczI0OnN0YWJsZRJPdXMtY2VudHJhbDEtZG9ja2VyLnBrZy5kZXYvc2VydmVybGVzcy1ydW50aW1lcy9nb29nbGUtMjQtZnVsbC9ydW50aW1lcy9ub2RlanMyNEAB for region us-central1
[debug] [2026-04-09T17:29:41.308Z] [update-firebase-frameworks-confir-juvenil-nsps-us-central1-ssrconfirjuvenilnsps] Retrying task index 0
[debug] [2026-04-09T17:29:41.309Z] Checked if tokens are valid: true, expires at: 1775758129005
[debug] [2026-04-09T17:29:41.309Z] Checked if tokens are valid: true, expires at: 1775758129005
[debug] [2026-04-09T17:29:41.309Z] >>> [apiv2][query] GET https://cloudfunctions.googleapis.com/v2/projects/studio-8931863599-6d45c/locations/us-central1/operations/operation-1775752198208-64f0986fbba95-7a965317-cd2dbd5c [none]
[debug] [2026-04-09T17:29:42.469Z] <<< [apiv2][status] GET https://cloudfunctions.googleapis.com/v2/projects/studio-8931863599-6d45c/locations/us-central1/operations/operation-1775752198208-64f0986fbba95-7a965317-cd2dbd5c 200
[debug] [2026-04-09T17:29:42.469Z] <<< [apiv2][body] GET https://cloudfunctions.googleapis.com/v2/projects/studio-8931863599-6d45c/locations/us-central1/operations/operation-1775752198208-64f0986fbba95-7a965317-cd2dbd5c {"name":"projects/studio-8931863599-6d45c/locations/us-central1/operations/operation-1775752198208-64f0986fbba95-7a965317-cd2dbd5c","metadata":{"@type":"type.googleapis.com/google.cloud.functions.v2.OperationMetadata","createTime":"2026-04-09T16:29:59.182786233Z","target":"projects/studio-8931863599-6d45c/locations/us-central1/functions/ssrconfirjuvenilnsps","verb":"update","cancelRequested":false,"apiVersion":"v2","requestResource":{"@type":"type.googleapis.com/google.cloud.functions.v2.Function","name":"projects/studio-8931863599-6d45c/locations/us-central1/functions/ssrconfirjuvenilnsps","buildConfig":{"runtime":"nodejs24","entryPoint":"ssrconfirjuvenilnsps","source":{"storageSource":{"bucket":"gcf-v2-sources-618645486004-us-central1","object":"ssrconfirjuvenilnsps/function-source.zip","generation":"1775752199121124"}},"environmentVariables":{"GOOGLE_NODE_RUN_SCRIPTS":""},"dockerRepository":"projects/studio-8931863599-6d45c/locations/us-central1/repositories/gcf-artifacts","sourceProvenance":{"resolvedStorageSource":{"bucket":"gcf-v2-sources-618645486004-us-central1","object":"ssrconfirjuvenilnsps/function-source.zip","generation":"1775751482271435"}},"dockerRegistry":"ARTIFACT_REGISTRY","serviceAccount":"projects/studio-8931863599-6d45c/serviceAccounts/618645486004-compute@developer.gserviceaccount.com","automaticUpdatePolicy":{}},"serviceConfig":{"service":"projects/studio-8931863599-6d45c/locations/us-central1/services/ssrconfirjuvenilnsps","timeoutSeconds":60,"environmentVariables":{"VERCEL_URL":"studio-8931863599-6d45c.web.app","__FIREBASE_FRAMEWORKS_ENTRY__":"next.js","__FIREBASE_DEFAULTS__":"{\"config\":{\"projectId\":\"studio-8931863599-6d45c\",\"appId\":\"1:618645486004:web:199dbf50db4987171e1ae1\",\"storageBucket\":\"studio-8931863599-6d45c.firebasestorage.app\",\"apiKey\":\"AIzaSyAEWzl6-aPy1mpPHRJOFaQh_0Dw2VHd-Fk\",\"authDomain\":\"studio-8931863599-6d45c.firebaseapp.com\",\"messagingSenderId\":\"618645486004\",\"measurementId\":\"G-1W8E3KJK4B\",\"projectNumber\":\"618645486004\",\"version\":\"2\"},\"_authTokenSyncURL\":\"/__session\"}","FIREBASE_CONFIG":"{\"projectId\":\"studio-8931863599-6d45c\",\"storageBucket\":\"studio-8931863599-6d45c.firebasestorage.app\"}","GCLOUD_PROJECT":"studio-8931863599-6d45c","EVENTARC_CLOUD_EVENT_SOURCE":"projects/studio-8931863599-6d45c/locations/us-central1/services/ssrconfirjuvenilnsps","FUNCTION_TARGET":"ssrconfirjuvenilnsps","LOG_EXECUTION_ID":"true"},"ingressSettings":"ALLOW_ALL","uri":"https://ssrconfirjuvenilnsps-dwigkcf66a-uc.a.run.app","serviceAccountEmail":"618645486004-compute@developer.gserviceaccount.com","availableMemory":"256Mi","allTrafficOnLatestRevision":true,"revision":"ssrconfirjuvenilnsps-00010-qaz","maxInstanceRequestConcurrency":80,"availableCpu":"1"},"state":"ACTIVE","labels":{"deployment-tool":"cli-firebase","firebase-functions-codebase":"firebase-frameworks-confir-juvenil-nsps","firebase-functions-hash":"d5b356c74f680c325399e2d29165f41cd97caef8"},"environment":"GEN_2","url":"https://us-central1-studio-8931863599-6d45c.cloudfunctions.net/ssrconfirjuvenilnsps","satisfiesPzi":true},"stages":[{"name":"BUILD","message":"Build finished","state":"COMPLETE","resource":"projects/618645486004/locations/us-central1/builds/42037e36-183e-4446-850b-1f57f8aa63f1","resourceUri":"https://console.cloud.google.com/cloud-build/builds;region=us-central1/42037e36-183e-4446-850b-1f57f8aa63f1?project=618645486004"},{"name":"SERVICE","message":"Updating Cloud Run service","state":"IN_PROGRESS","resource":"projects/studio-8931863599-6d45c/locations/us-central1/services/ssrconfirjuvenilnsps","resourceUri":"https://console.cloud.google.com/run/detail/us-central1/ssrconfirjuvenilnsps?project=studio-8931863599-6d45c","stateMessages":[{"severity":"INFO","type":"CloudRunServiceNewRevisionTrafficInfo","message":"A new revision will be deployed serving with 100% traffic."}]}],"sourceToken":"Cldwcm9qZWN0cy82MTg2NDU0ODYwMDQvbG9jYXRpb25zL3VzLWNlbnRyYWwxL2J1aWxkcy80MjAzN2UzNi0xODNlLTQ0NDYtODUwYi0xZjU3ZjhhYTYzZjESiAF1cy1jZW50cmFsMS1kb2NrZXIucGtnLmRldi9zdHVkaW8tODkzMTg2MzU5OS02ZDQ1Yy9nY2YtYXJ0aWZhY3RzL3N0dWRpby0tODkzMTg2MzU5OS0tNmQ0NWNfX3VzLS1jZW50cmFsMV9fc3NyY29uZmlyanV2ZW5pbG5zcHM6dmVyc2lvbl8xGLTzk9GAEiJVcHJvamVjdHMvc3R1ZGlvLTg5MzE4NjM1OTktNmQ0NWMvbG9jYXRpb25zL3VzLWNlbnRyYWwxL2Z1bmN0aW9ucy9zc3Jjb25maXJqdXZlbmlsbnNwcyoMCKyp384GEJjirfsBMghub2RlanMyNDp2CiNnY3IuaW8vZ2FlLXJ1bnRpbWVzL25vZGVqczI0OnN0YWJsZRJPdXMtY2VudHJhbDEtZG9ja2VyLnBrZy5kZXYvc2VydmVybGVzcy1ydW50aW1lcy9nb29nbGUtMjQtZnVsbC9ydW50aW1lcy9ub2RlanMyNEAB","operationType":"UPDATE_FUNCTION","buildName":"projects/618645486004/locations/us-central1/builds/42037e36-183e-4446-850b-1f57f8aa63f1"},"done":false}
[debug] [2026-04-09T17:29:42.469Z] Got source token Cldwcm9qZWN0cy82MTg2NDU0ODYwMDQvbG9jYXRpb25zL3VzLWNlbnRyYWwxL2J1aWxkcy80MjAzN2UzNi0xODNlLTQ0NDYtODUwYi0xZjU3ZjhhYTYzZjESiAF1cy1jZW50cmFsMS1kb2NrZXIucGtnLmRldi9zdHVkaW8tODkzMTg2MzU5OS02ZDQ1Yy9nY2YtYXJ0aWZhY3RzL3N0dWRpby0tODkzMTg2MzU5OS0tNmQ0NWNfX3VzLS1jZW50cmFsMV9fc3NyY29uZmlyanV2ZW5pbG5zcHM6dmVyc2lvbl8xGLTzk9GAEiJVcHJvamVjdHMvc3R1ZGlvLTg5MzE4NjM1OTktNmQ0NWMvbG9jYXRpb25zL3VzLWNlbnRyYWwxL2Z1bmN0aW9ucy9zc3Jjb25maXJqdXZlbmlsbnNwcyoMCKyp384GEJjirfsBMghub2RlanMyNDp2CiNnY3IuaW8vZ2FlLXJ1bnRpbWVzL25vZGVqczI0OnN0YWJsZRJPdXMtY2VudHJhbDEtZG9ja2VyLnBrZy5kZXYvc2VydmVybGVzcy1ydW50aW1lcy9nb29nbGUtMjQtZnVsbC9ydW50aW1lcy9ub2RlanMyNEAB for region us-central1
[debug] [2026-04-09T17:29:52.470Z] [update-firebase-frameworks-confir-juvenil-nsps-us-central1-ssrconfirjuvenilnsps] Retrying task index 0
[debug] [2026-04-09T17:29:52.471Z] Checked if tokens are valid: true, expires at: 1775758129005
[debug] [2026-04-09T17:29:52.471Z] Checked if tokens are valid: true, expires at: 1775758129005
[debug] [2026-04-09T17:29:52.471Z] >>> [apiv2][query] GET https://cloudfunctions.googleapis.com/v2/projects/studio-8931863599-6d45c/locations/us-central1/operations/operation-1775752198208-64f0986fbba95-7a965317-cd2dbd5c [none]
[debug] [2026-04-09T17:29:53.542Z] <<< [apiv2][status] GET https://cloudfunctions.googleapis.com/v2/projects/studio-8931863599-6d45c/locations/us-central1/operations/operation-1775752198208-64f0986fbba95-7a965317-cd2dbd5c 200
[debug] [2026-04-09T17:29:53.542Z] <<< [apiv2][body] GET https://cloudfunctions.googleapis.com/v2/projects/studio-8931863599-6d45c/locations/us-central1/operations/operation-1775752198208-64f0986fbba95-7a965317-cd2dbd5c {"name":"projects/studio-8931863599-6d45c/locations/us-central1/operations/operation-1775752198208-64f0986fbba95-7a965317-cd2dbd5c","metadata":{"@type":"type.googleapis.com/google.cloud.functions.v2.OperationMetadata","createTime":"2026-04-09T16:29:59.182786233Z","target":"projects/studio-8931863599-6d45c/locations/us-central1/functions/ssrconfirjuvenilnsps","verb":"update","cancelRequested":false,"apiVersion":"v2","requestResource":{"@type":"type.googleapis.com/google.cloud.functions.v2.Function","name":"projects/studio-8931863599-6d45c/locations/us-central1/functions/ssrconfirjuvenilnsps","buildConfig":{"runtime":"nodejs24","entryPoint":"ssrconfirjuvenilnsps","source":{"storageSource":{"bucket":"gcf-v2-sources-618645486004-us-central1","object":"ssrconfirjuvenilnsps/function-source.zip","generation":"1775752199121124"}},"environmentVariables":{"GOOGLE_NODE_RUN_SCRIPTS":""},"dockerRepository":"projects/studio-8931863599-6d45c/locations/us-central1/repositories/gcf-artifacts","sourceProvenance":{"resolvedStorageSource":{"bucket":"gcf-v2-sources-618645486004-us-central1","object":"ssrconfirjuvenilnsps/function-source.zip","generation":"1775751482271435"}},"dockerRegistry":"ARTIFACT_REGISTRY","serviceAccount":"projects/studio-8931863599-6d45c/serviceAccounts/618645486004-compute@developer.gserviceaccount.com","automaticUpdatePolicy":{}},"serviceConfig":{"service":"projects/studio-8931863599-6d45c/locations/us-central1/services/ssrconfirjuvenilnsps","timeoutSeconds":60,"environmentVariables":{"VERCEL_URL":"studio-8931863599-6d45c.web.app","__FIREBASE_FRAMEWORKS_ENTRY__":"next.js","__FIREBASE_DEFAULTS__":"{\"config\":{\"projectId\":\"studio-8931863599-6d45c\",\"appId\":\"1:618645486004:web:199dbf50db4987171e1ae1\",\"storageBucket\":\"studio-8931863599-6d45c.firebasestorage.app\",\"apiKey\":\"AIzaSyAEWzl6-aPy1mpPHRJOFaQh_0Dw2VHd-Fk\",\"authDomain\":\"studio-8931863599-6d45c.firebaseapp.com\",\"messagingSenderId\":\"618645486004\",\"measurementId\":\"G-1W8E3KJK4B\",\"projectNumber\":\"618645486004\",\"version\":\"2\"},\"_authTokenSyncURL\":\"/__session\"}","FIREBASE_CONFIG":"{\"projectId\":\"studio-8931863599-6d45c\",\"storageBucket\":\"studio-8931863599-6d45c.firebasestorage.app\"}","GCLOUD_PROJECT":"studio-8931863599-6d45c","EVENTARC_CLOUD_EVENT_SOURCE":"projects/studio-8931863599-6d45c/locations/us-central1/services/ssrconfirjuvenilnsps","FUNCTION_TARGET":"ssrconfirjuvenilnsps","LOG_EXECUTION_ID":"true"},"ingressSettings":"ALLOW_ALL","uri":"https://ssrconfirjuvenilnsps-dwigkcf66a-uc.a.run.app","serviceAccountEmail":"618645486004-compute@developer.gserviceaccount.com","availableMemory":"256Mi","allTrafficOnLatestRevision":true,"revision":"ssrconfirjuvenilnsps-00010-qaz","maxInstanceRequestConcurrency":80,"availableCpu":"1"},"state":"ACTIVE","labels":{"deployment-tool":"cli-firebase","firebase-functions-codebase":"firebase-frameworks-confir-juvenil-nsps","firebase-functions-hash":"d5b356c74f680c325399e2d29165f41cd97caef8"},"environment":"GEN_2","url":"https://us-central1-studio-8931863599-6d45c.cloudfunctions.net/ssrconfirjuvenilnsps","satisfiesPzi":true},"stages":[{"name":"BUILD","message":"Build finished","state":"COMPLETE","resource":"projects/618645486004/locations/us-central1/builds/42037e36-183e-4446-850b-1f57f8aa63f1","resourceUri":"https://console.cloud.google.com/cloud-build/builds;region=us-central1/42037e36-183e-4446-850b-1f57f8aa63f1?project=618645486004"},{"name":"SERVICE","message":"Updating Cloud Run service","state":"IN_PROGRESS","resource":"projects/studio-8931863599-6d45c/locations/us-central1/services/ssrconfirjuvenilnsps","resourceUri":"https://console.cloud.google.com/run/detail/us-central1/ssrconfirjuvenilnsps?project=studio-8931863599-6d45c","stateMessages":[{"severity":"INFO","type":"CloudRunServiceNewRevisionTrafficInfo","message":"A new revision will be deployed serving with 100% traffic."}]}],"sourceToken":"Cldwcm9qZWN0cy82MTg2NDU0ODYwMDQvbG9jYXRpb25zL3VzLWNlbnRyYWwxL2J1aWxkcy80MjAzN2UzNi0xODNlLTQ0NDYtODUwYi0xZjU3ZjhhYTYzZjESiAF1cy1jZW50cmFsMS1kb2NrZXIucGtnLmRldi9zdHVkaW8tODkzMTg2MzU5OS02ZDQ1Yy9nY2YtYXJ0aWZhY3RzL3N0dWRpby0tODkzMTg2MzU5OS0tNmQ0NWNfX3VzLS1jZW50cmFsMV9fc3NyY29uZmlyanV2ZW5pbG5zcHM6dmVyc2lvbl8xGLTzk9GAEiJVcHJvamVjdHMvc3R1ZGlvLTg5MzE4NjM1OTktNmQ0NWMvbG9jYXRpb25zL3VzLWNlbnRyYWwxL2Z1bmN0aW9ucy9zc3Jjb25maXJqdXZlbmlsbnNwcyoMCKyp384GEJjirfsBMghub2RlanMyNDp2CiNnY3IuaW8vZ2FlLXJ1bnRpbWVzL25vZGVqczI0OnN0YWJsZRJPdXMtY2VudHJhbDEtZG9ja2VyLnBrZy5kZXYvc2VydmVybGVzcy1ydW50aW1lcy9nb29nbGUtMjQtZnVsbC9ydW50aW1lcy9ub2RlanMyNEAB","operationType":"UPDATE_FUNCTION","buildName":"projects/618645486004/locations/us-central1/builds/42037e36-183e-4446-850b-1f57f8aa63f1"},"done":false}
[debug] [2026-04-09T17:29:53.542Z] Got source token Cldwcm9qZWN0cy82MTg2NDU0ODYwMDQvbG9jYXRpb25zL3VzLWNlbnRyYWwxL2J1aWxkcy80MjAzN2UzNi0xODNlLTQ0NDYtODUwYi0xZjU3ZjhhYTYzZjESiAF1cy1jZW50cmFsMS1kb2NrZXIucGtnLmRldi9zdHVkaW8tODkzMTg2MzU5OS02ZDQ1Yy9nY2YtYXJ0aWZhY3RzL3N0dWRpby0tODkzMTg2MzU5OS0tNmQ0NWNfX3VzLS1jZW50cmFsMV9fc3NyY29uZmlyanV2ZW5pbG5zcHM6dmVyc2lvbl8xGLTzk9GAEiJVcHJvamVjdHMvc3R1ZGlvLTg5MzE4NjM1OTktNmQ0NWMvbG9jYXRpb25zL3VzLWNlbnRyYWwxL2Z1bmN0aW9ucy9zc3Jjb25maXJqdXZlbmlsbnNwcyoMCKyp384GEJjirfsBMghub2RlanMyNDp2CiNnY3IuaW8vZ2FlLXJ1bnRpbWVzL25vZGVqczI0OnN0YWJsZRJPdXMtY2VudHJhbDEtZG9ja2VyLnBrZy5kZXYvc2VydmVybGVzcy1ydW50aW1lcy9nb29nbGUtMjQtZnVsbC9ydW50aW1lcy9ub2RlanMyNEAB for region us-central1
